codebook_error_mae,codebook_error_max_absolute_error,codebook_error_mse,codebook_error_relative_error,codebook_error_rmse,codebook_storage_codebook_bytes,codebook_storage_codebook_size,codebook_storage_compression_ratio,codebook_storage_effective_bits_per_weight,codebook_storage_group_count,codebook_storage_index_bit_width,codebook_storage_index_bytes,codebook_storage_metadata_bytes,codebook_storage_original_bytes,codebook_storage_theoretical_bits_per_weight,codebook_storage_total_bytes,config_codebook_size,config_experiment_name,config_group_size,config_initialization,config_max_iterations,config_seed,config_source_dtype,config_tensor_generator,config_tensor_shape,config_tolerance,dequantization_time_ms,error_history,experiment_id,generation_time_ms,notes,quantization_time_ms,timestamp,total_time_ms,uniform_error_mae,uniform_error_max_absolute_error,uniform_error_mse,uniform_error_relative_error,uniform_error_rmse,uniform_storage_bits_per_weight,uniform_storage_compression_ratio,uniform_storage_scale_bytes,uniform_storage_theoretical_bpw,uniform_storage_total_bytes,uniform_storage_weight_bytes,weight_distribution_count,weight_distribution_histogram_bin_edges,weight_distribution_histogram_bins,weight_distribution_histogram_counts,weight_distribution_histogram_density,weight_distribution_kurtosis,weight_distribution_max,weight_distribution_mean,weight_distribution_median,weight_distribution_min,weight_distribution_percentiles_0.1,weight_distribution_percentiles_1,weight_distribution_percentiles_25,weight_distribution_percentiles_5,weight_distribution_percentiles_50,weight_distribution_percentiles_75,weight_distribution_percentiles_95,weight_distribution_percentiles_99,weight_distribution_percentiles_99.9,weight_distribution_q25,weight_distribution_q75,weight_distribution_skew,weight_distribution_std
0.3654226916987682,1.5555588006973267,0.2023009600288729,0.565050537917097,0.4497787901056173,8,2,21.333333333333332,1.5,1,1,16,0,512,1,24,2,"gaussian_(128,)_global_k2",,percentile,20,42,<class 'numpy.float32'>,custom,"(128,)",0.0001,0.012625008821487427,"[2.1519527435302734, 0.20599013566970825, 0.2027163803577423, 0.20240630209445953, 0.20230095088481903, 0.20230095088481903]",c9c0fd59,0.8487079758197069,,0.6725419661961496,2026-10-02T09:52:30.517625,2.429082989692688,0.0769344733125763,0.1525794267654419,0.007729827550191746,0.11045190822245031,0.08791943784051252,4.125,7.757575757575758,2,4.125,66,64,128,"[-1.9510351419448853, -1.8691814875602721, -1.7873278331756592, -1.7054741787910461, -1.6236205244064332, -1.5417668700218201, -1.459913215637207, -1.378059561252594, -1.296205906867981, -1.2143522524833679, -1.132498598098755, -1.0506449437141419, -0.9687912893295288, -0.8869376349449158, -0.8050839805603027, -0.7232303261756898, -0.6413766717910767, -0.5595230174064636, -0.4776693630218507, -0.3958157086372376, -0.3139620542526247, -0.23210839986801157, -0.15025474548339846, -0.06840109109878556, 0.013452563285827557, 0.09530621767044067, 0.17715987205505357, 0.25901352643966646, 0.3408671808242798, 0.4227208352088927, 0.5045744895935056, 0.5864281439781189, 0.6682817983627318, 0.7501354527473447, 0.8319891071319581, 0.913842761516571, 0.9956964159011839, 1.0775500702857972, 1.15940372467041, 1.241257379055023, 1.3231110334396359, 1.4049646878242492, 1.486818342208862, 1.568671996593475, 1.6505256509780883, 1.7323793053627012, 1.8142329597473141, 1.8960866141319275, 1.9779402685165404, 2.0597939229011537, 2.1416475772857666]",50,"[1, 0, 1, 2, 0, 0, 3, 2, 1, 3, 0, 3, 5, 6, 0, 3, 2, 2, 7, 10, 3, 4, 3, 3, 4, 5, 7, 2, 5, 8, 3, 5, 5, 3, 6, 2, 0, 2, 1, 1, 1, 1, 1, 1, 0, 0, 0, 0, 0, 1]","[0.0078125, 0.0, 0.0078125, 0.015625, 0.0, 0.0, 0.0234375, 0.015625, 0.0078125, 0.0234375, 0.0, 0.0234375, 0.0390625, 0.046875, 0.0, 0.0234375, 0.015625, 0.015625, 0.0546875, 0.078125, 0.0234375, 0.03125, 0.0234375, 0.0234375, 0.03125, 0.0390625, 0.0546875, 0.015625, 0.0390625, 0.0625, 0.0234375, 0.0390625, 0.0390625, 0.0234375, 0.046875, 0.015625, 0.0, 0.015625, 0.0078125, 0.0078125, 0.0078125, 0.0078125, 0.0078125, 0.0078125, 0.0, 0.0, 0.0, 0.0, 0.0, 0.0078125]",-0.3604972119276626,2.1416475772857666,-0.03942767019907478,0.017173131927847862,-1.9510351419448853,-1.9226233738660812,-1.7165242087841035,-0.5456570386886597,-1.4028824508190154,0.017173131927847862,0.5350204408168793,1.1897921681404107,1.5729327368736272,2.0730842508077725,-0.5456570386886597,0.5350204408168793,-0.0806691582899134,0.7950203815783521
0.21070587819849607,0.800948977470398,0.06569681859389029,0.32200342446282615,0.25631390636071677,16,4,10.666666666666666,3.0,1,2,32,0,512,2,48,4,"gaussian_(128,)_global_k4",,percentile,20,42,<class 'numpy.float32'>,custom,"(128,)",0.0001,0.01087499549612403,"[0.14049473404884338, 0.07860587537288666, 0.07415448129177094, 0.0714247077703476, 0.06972616910934448, 0.06724417209625244, 0.06616318225860596, 0.0657530426979065, 0.0656968206167221]",d2497ba5,1.352209015749395,,0.6116669974289834,2026-10-02T09:52:30.520385,2.6914170011878014,0.0769344733125763,0.1525794267654419,0.007729827550191746,0.11045190822245031,0.08791943784051252,4.125,7.757575757575758,2,4.125,66,64,128,"[-1.9510351419448853, -1.8691814875602721, -1.7873278331756592, -1.7054741787910461, -1.6236205244064332, -1.5417668700218201, -1.459913215637207, -1.378059561252594, -1.296205906867981, -1.2143522524833679, -1.132498598098755, -1.0506449437141419, -0.9687912893295288, -0.8869376349449158, -0.8050839805603027, -0.7232303261756898, -0.6413766717910767, -0.5595230174064636, -0.4776693630218507, -0.3958157086372376, -0.3139620542526247, -0.23210839986801157, -0.15025474548339846, -0.06840109109878556, 0.013452563285827557, 0.09530621767044067, 0.17715987205505357, 0.25901352643966646, 0.3408671808242798, 0.4227208352088927, 0.5045744895935056, 0.5864281439781189, 0.6682817983627318, 0.7501354527473447, 0.8319891071319581, 0.913842761516571, 0.9956964159011839, 1.0775500702857972, 1.15940372467041, 1.241257379055023, 1.3231110334396359, 1.4049646878242492, 1.486818342208862, 1.568671996593475, 1.6505256509780883, 1.7323793053627012, 1.8142329597473141, 1.8960866141319275, 1.9779402685165404, 2.0597939229011537, 2.1416475772857666]",50,"[1, 0, 1, 2, 0, 0, 3, 2, 1, 3, 0, 3, 5, 6, 0, 3, 2, 2, 7, 10, 3, 4, 3, 3, 4, 5, 7, 2, 5, 8, 3, 5, 5, 3, 6, 2, 0, 2, 1, 1, 1, 1, 1, 1, 0, 0, 0, 0, 0, 1]","[0.0078125, 0.0, 0.0078125, 0.015625, 0.0, 0.0, 0.0234375, 0.015625, 0.0078125, 0.0234375, 0.0, 0.0234375, 0.0390625, 0.046875, 0.0, 0.0234375, 0.015625, 0.015625, 0.0546875, 0.078125, 0.0234375, 0.03125, 0.0234375, 0.0234375, 0.03125, 0.0390625, 0.0546875, 0.015625, 0.0390625, 0.0625, 0.0234375, 0.0390625, 0.0390625, 0.0234375, 0.046875, 0.015625, 0.0, 0.015625, 0.0078125, 0.0078125, 0.0078125, 0.0078125, 0.0078125, 0.0078125, 0.0, 0.0, 0.0, 0.0, 0.0, 0.0078125]",-0.3604972119276626,2.1416475772857666,-0.03942767019907478,0.017173131927847862,-1.9510351419448853,-1.9226233738660812,-1.7165242087841035,-0.5456570386886597,-1.4028824508190154,0.017173131927847862,0.5350204408168793,1.1897921681404107,1.5729327368736272,2.0730842508077725,-0.5456570386886597,0.5350204408168793,-0.0806691582899134,0.7950203815783521
0.10204632177192252,0.6298435926437378,0.017844117139168236,0.1678169615479887,0.13358187429126842,32,8,6.4,5.0,1,3,48,0,512,3,80,8,"gaussian_(128,)_global_k8",,percentile,20,42,<class 'numpy.float32'>,custom,"(128,)",0.0001,0.008333008736371994,"[0.03672603517770767, 0.019470088183879852, 0.018288712948560715, 0.017947588115930557, 0.017844118177890778, 0.017844118177890778]",608aed28,0.679749995470047,,0.5874170456081629,2026-10-02T09:52:30.522390,1.9707909668795764,0.0769344733125763,0.1525794267654419,0.007729827550191746,0.11045190822245031,0.08791943784051252,4.125,7.757575757575758,2,4.125,66,64,128,"[-1.9510351419448853, -1.8691814875602721, -1.7873278331756592, -1.7054741787910461, -1.6236205244064332, -1.5417668700218201, -1.459913215637207, -1.378059561252594, -1.296205906867981, -1.2143522524833679, -1.132498598098755, -1.0506449437141419, -0.9687912893295288, -0.8869376349449158, -0.8050839805603027, -0.7232303261756898, -0.6413766717910767, -0.5595230174064636, -0.4776693630218507, -0.3958157086372376, -0.3139620542526247, -0.23210839986801157, -0.15025474548339846, -0.06840109109878556, 0.013452563285827557, 0.09530621767044067, 0.17715987205505357, 0.25901352643966646, 0.3408671808242798, 0.4227208352088927, 0.5045744895935056, 0.5864281439781189, 0.6682817983627318, 0.7501354527473447, 0.8319891071319581, 0.913842761516571, 0.9956964159011839, 1.0775500702857972, 1.15940372467041, 1.241257379055023, 1.3231110334396359, 1.4049646878242492, 1.486818342208862, 1.568671996593475, 1.6505256509780883, 1.7323793053627012, 1.8142329597473141, 1.8960866141319275, 1.9779402685165404, 2.0597939229011537, 2.1416475772857666]",50,"[1, 0, 1, 2, 0, 0, 3, 2, 1, 3, 0, 3, 5, 6, 0, 3, 2, 2, 7, 10, 3, 4, 3, 3, 4, 5, 7, 2, 5, 8, 3, 5, 5, 3, 6, 2, 0, 2, 1, 1, 1, 1, 1, 1, 0, 0, 0, 0, 0, 1]","[0.0078125, 0.0, 0.0078125, 0.015625, 0.0, 0.0, 0.0234375, 0.015625, 0.0078125, 0.0234375, 0.0, 0.0234375, 0.0390625, 0.046875, 0.0, 0.0234375, 0.015625, 0.015625, 0.0546875, 0.078125, 0.0234375, 0.03125, 0.0234375, 0.0234375, 0.03125, 0.0390625, 0.0546875, 0.015625, 0.0390625, 0.0625, 0.0234375, 0.0390625, 0.0390625, 0.0234375, 0.046875, 0.015625, 0.0, 0.015625, 0.0078125, 0.0078125, 0.0078125, 0.0078125, 0.0078125, 0.0078125, 0.0, 0.0, 0.0, 0.0, 0.0, 0.0078125]",-0.3604972119276626,2.1416475772857666,-0.03942767019907478,0.017173131927847862,-1.9510351419448853,-1.9226233738660812,-1.7165242087841035,-0.5456570386886597,-1.4028824508190154,0.017173131927847862,0.5350204408168793,1.1897921681404107,1.5729327368736272,2.0730842508077725,-0.5456570386886597,0.5350204408168793,-0.0806691582899134,0.7950203815783521
0.055641931990976445,0.26993441581726074,0.005581673186113264,0.0938578330180485,0.07471059621039886,64,16,4.0,8.0,1,4,64,0,512,4,128,16,"gaussian_(128,)_global_k16",,percentile,20,42,<class 'numpy.float32'>,custom,"(128,)",0.0001,0.007583992555737495,"[0.011584341526031494, 0.00613667257130146, 0.005659941583871841, 0.005581673234701157]",499f6198,0.503875024151057,,0.6352500058710575,2026-10-02T09:52:30.524254,1.8285419791936874,0.0769344733125763,0.1525794267654419,0.007729827550191746,0.11045190822245031,0.08791943784051252,4.125,7.757575757575758,2,4.125,66,64,128,"[-1.9510351419448853, -1.8691814875602721, -1.7873278331756592, -1.7054741787910461, -1.6236205244064332, -1.5417668700218201, -1.459913215637207, -1.378059561252594, -1.296205906867981, -1.2143522524833679, -1.132498598098755, -1.0506449437141419, -0.9687912893295288, -0.8869376349449158, -0.8050839805603027, -0.7232303261756898, -0.6413766717910767, -0.5595230174064636, -0.4776693630218507, -0.3958157086372376, -0.3139620542526247, -0.23210839986801157, -0.15025474548339846, -0.06840109109878556, 0.013452563285827557, 0.09530621767044067, 0.17715987205505357, 0.25901352643966646, 0.3408671808242798, 0.4227208352088927, 0.5045744895935056, 0.5864281439781189, 0.6682817983627318, 0.7501354527473447, 0.8319891071319581, 0.913842761516571, 0.9956964159011839, 1.0775500702857972, 1.15940372467041, 1.241257379055023, 1.3231110334396359, 1.4049646878242492, 1.486818342208862, 1.568671996593475, 1.6505256509780883, 1.7323793053627012, 1.8142329597473141, 1.8960866141319275, 1.9779402685165404, 2.0597939229011537, 2.1416475772857666]",50,"[1, 0, 1, 2, 0, 0, 3, 2, 1, 3, 0, 3, 5, 6, 0, 3, 2, 2, 7, 10, 3, 4, 3, 3, 4, 5, 7, 2, 5, 8, 3, 5, 5, 3, 6, 2, 0, 2, 1, 1, 1, 1, 1, 1, 0, 0, 0, 0, 0, 1]","[0.0078125, 0.0, 0.0078125, 0.015625, 0.0, 0.0, 0.0234375, 0.015625, 0.0078125, 0.0234375, 0.0, 0.0234375, 0.0390625, 0.046875, 0.0, 0.0234375, 0.015625, 0.015625, 0.0546875, 0.078125, 0.0234375, 0.03125, 0.0234375, 0.0234375, 0.03125, 0.0390625, 0.0546875, 0.015625, 0.0390625, 0.0625, 0.0234375, 0.0390625, 0.0390625, 0.0234375, 0.046875, 0.015625, 0.0, 0.015625, 0.0078125, 0.0078125, 0.0078125, 0.0078125, 0.0078125, 0.0078125, 0.0, 0.0, 0.0, 0.0, 0.0, 0.0078125]",-0.3604972119276626,2.1416475772857666,-0.03942767019907478,0.017173131927847862,-1.9510351419448853,-1.9226233738660812,-1.7165242087841035,-0.5456570386886597,-1.4028824508190154,0.017173131927847862,0.5350204408168793,1.1897921681404107,1.5729327368736272,2.0730842508077725,-0.5456570386886597,0.5350204408168793,-0.0806691582899134,0.7950203815783521
0.026534289863775484,0.14322829246520996,0.0015348967220650935,0.049218446312754655,0.03917775800202321,128,32,2.4615384615384617,13.0,1,5,80,0,512,5,208,32,"gaussian_(128,)_global_k32",,percentile,20,42,<class 'numpy.float32'>,custom,"(128,)",0.0001,0.008624978363513947,"[0.0028104293160140514, 0.0017106598243117332, 0.001559596392326057, 0.0015348965534940362]",c01293c1,0.6427079788409173,,0.5952079663984478,2026-10-02T09:52:30.526295,2.0068329758942127,0.0769344733125763,0.1525794267654419,0.007729827550191746,0.11045190822245031,0.08791943784051252,4.125,7.757575757575758,2,4.125,66,64,128,"[-1.9510351419448853, -1.8691814875602721, -1.7873278331756592, -1.7054741787910461, -1.6236205244064332, -1.5417668700218201, -1.459913215637207, -1.378059561252594, -1.296205906867981, -1.2143522524833679, -1.132498598098755, -1.0506449437141419, -0.9687912893295288, -0.8869376349449158, -0.8050839805603027, -0.7232303261756898, -0.6413766717910767, -0.5595230174064636, -0.4776693630218507, -0.3958157086372376, -0.3139620542526247, -0.23210839986801157, -0.15025474548339846, -0.06840109109878556, 0.013452563285827557, 0.09530621767044067, 0.17715987205505357, 0.25901352643966646, 0.3408671808242798, 0.4227208352088927, 0.5045744895935056, 0.5864281439781189, 0.6682817983627318, 0.7501354527473447, 0.8319891071319581, 0.913842761516571, 0.9956964159011839, 1.0775500702857972, 1.15940372467041, 1.241257379055023, 1.3231110334396359, 1.4049646878242492, 1.486818342208862, 1.568671996593475, 1.6505256509780883, 1.7323793053627012, 1.8142329597473141, 1.8960866141319275, 1.9779402685165404, 2.0597939229011537, 2.1416475772857666]",50,"[1, 0, 1, 2, 0, 0, 3, 2, 1, 3, 0, 3, 5, 6, 0, 3, 2, 2, 7, 10, 3, 4, 3, 3, 4, 5, 7, 2, 5, 8, 3, 5, 5, 3, 6, 2, 0, 2, 1, 1, 1, 1, 1, 1, 0, 0, 0, 0, 0, 1]","[0.0078125, 0.0, 0.0078125, 0.015625, 0.0, 0.0, 0.0234375, 0.015625, 0.0078125, 0.0234375, 0.0, 0.0234375, 0.0390625, 0.046875, 0.0, 0.0234375, 0.015625, 0.015625, 0.0546875, 0.078125, 0.0234375, 0.03125, 0.0234375, 0.0234375, 0.03125, 0.0390625, 0.0546875, 0.015625, 0.0390625, 0.0625, 0.0234375, 0.0390625, 0.0390625, 0.0234375, 0.046875, 0.015625, 0.0, 0.015625, 0.0078125, 0.0078125, 0.0078125, 0.0078125, 0.0078125, 0.0078125, 0.0, 0.0, 0.0, 0.0, 0.0, 0.0078125]",-0.3604972119276626,2.1416475772857666,-0.03942767019907478,0.017173131927847862,-1.9510351419448853,-1.9226233738660812,-1.7165242087841035,-0.5456570386886597,-1.4028824508190154,0.017173131927847862,0.5350204408168793,1.1897921681404107,1.5729327368736272,2.0730842508077725,-0.5456570386886597,0.5350204408168793,-0.0806691582899134,0.7950203815783521
0.3654226916987682,1.5555588006973267,0.2023009600288729,0.565050537917097,0.4497787901056173,8,2,21.333333333333332,1.5,1,1,16,0,512,1,24,2,"gaussian_(128,)_group128_k2",128,percentile,20,42,<class 'numpy.float32'>,custom,"(128,)",0.0001,0.007957976777106524,"[2.1519527435302734, 0.20599013566970825, 0.2027163803577423, 0.20240630209445953, 0.20230095088481903, 0.20230095088481903]",9c8b6290,0.5903749843128026,,0.5909579922445118,2026-10-02T09:52:30.528142,1.8168750102631748,0.0769344733125763,0.1525794267654419,0.007729827550191746,0.11045190822245031,0.08791943784051252,4.125,7.757575757575758,2,4.125,66,64,128,"[-1.9510351419448853, -1.8691814875602721, -1.7873278331756592, -1.7054741787910461, -1.6236205244064332, -1.5417668700218201, -1.459913215637207, -1.378059561252594, -1.296205906867981, -1.2143522524833679, -1.132498598098755, -1.0506449437141419, -0.9687912893295288, -0.8869376349449158, -0.8050839805603027, -0.7232303261756898, -0.6413766717910767, -0.5595230174064636, -0.4776693630218507, -0.3958157086372376, -0.3139620542526247, -0.23210839986801157, -0.15025474548339846, -0.06840109109878556, 0.013452563285827557, 0.09530621767044067, 0.17715987205505357, 0.25901352643966646, 0.3408671808242798, 0.4227208352088927, 0.5045744895935056, 0.5864281439781189, 0.6682817983627318, 0.7501354527473447, 0.8319891071319581, 0.913842761516571, 0.9956964159011839, 1.0775500702857972, 1.15940372467041, 1.241257379055023, 1.3231110334396359, 1.4049646878242492, 1.486818342208862, 1.568671996593475, 1.6505256509780883, 1.7323793053627012, 1.8142329597473141, 1.8960866141319275, 1.9779402685165404, 2.0597939229011537, 2.1416475772857666]",50,"[1, 0, 1, 2, 0, 0, 3, 2, 1, 3, 0, 3, 5, 6, 0, 3, 2, 2, 7, 10, 3, 4, 3, 3, 4, 5, 7, 2, 5, 8, 3, 5, 5, 3, 6, 2, 0, 2, 1, 1, 1, 1, 1, 1, 0, 0, 0, 0, 0, 1]","[0.0078125, 0.0, 0.0078125, 0.015625, 0.0, 0.0, 0.0234375, 0.015625, 0.0078125, 0.0234375, 0.0, 0.0234375, 0.0390625, 0.046875, 0.0, 0.0234375, 0.015625, 0.015625, 0.0546875, 0.078125, 0.0234375, 0.03125, 0.0234375, 0.0234375, 0.03125, 0.0390625, 0.0546875, 0.015625, 0.0390625, 0.0625, 0.0234375, 0.0390625, 0.0390625, 0.0234375, 0.046875, 0.015625, 0.0, 0.015625, 0.0078125, 0.0078125, 0.0078125, 0.0078125, 0.0078125, 0.0078125, 0.0, 0.0, 0.0, 0.0, 0.0, 0.0078125]",-0.3604972119276626,2.1416475772857666,-0.03942767019907478,0.017173131927847862,-1.9510351419448853,-1.9226233738660812,-1.7165242087841035,-0.5456570386886597,-1.4028824508190154,0.017173131927847862,0.5350204408168793,1.1897921681404107,1.5729327368736272,2.0730842508077725,-0.5456570386886597,0.5350204408168793,-0.0806691582899134,0.7950203815783521
0.21070587819849607,0.800948977470398,0.06569681859389029,0.32200342446282615,0.25631390636071677,16,4,10.666666666666666,3.0,1,2,32,0,512,2,48,4,"gaussian_(128,)_group128_k4",128,percentile,20,42,<class 'numpy.float32'>,custom,"(128,)",0.0001,0.008957984391599894,"[0.14049473404884338, 0.07860587537288666, 0.07415448129177094, 0.0714247077703476, 0.06972616910934448, 0.06724417209625244, 0.06616318225860596, 0.0657530426979065, 0.0656968206167221]",96f56794,0.9630830027163029,,0.5950829945504665,2026-10-02T09:52:30.530446,2.275708015076816,0.0769344733125763,0.1525794267654419,0.007729827550191746,0.11045190822245031,0.08791943784051252,4.125,7.757575757575758,2,4.125,66,64,128,"[-1.9510351419448853, -1.8691814875602721, -1.7873278331756592, -1.7054741787910461, -1.6236205244064332, -1.5417668700218201, -1.459913215637207, -1.378059561252594, -1.296205906867981, -1.2143522524833679, -1.132498598098755, -1.0506449437141419, -0.9687912893295288, -0.8869376349449158, -0.8050839805603027, -0.7232303261756898, -0.6413766717910767, -0.5595230174064636, -0.4776693630218507, -0.3958157086372376, -0.3139620542526247, -0.23210839986801157, -0.15025474548339846, -0.06840109109878556, 0.013452563285827557, 0.09530621767044067, 0.17715987205505357, 0.25901352643966646, 0.3408671808242798, 0.4227208352088927, 0.5045744895935056, 0.5864281439781189, 0.6682817983627318, 0.7501354527473447, 0.8319891071319581, 0.913842761516571, 0.9956964159011839, 1.0775500702857972, 1.15940372467041, 1.241257379055023, 1.3231110334396359, 1.4049646878242492, 1.486818342208862, 1.568671996593475, 1.6505256509780883, 1.7323793053627012, 1.8142329597473141, 1.8960866141319275, 1.9779402685165404, 2.0597939229011537, 2.1416475772857666]",50,"[1, 0, 1, 2, 0, 0, 3, 2, 1, 3, 0, 3, 5, 6, 0, 3, 2, 2, 7, 10, 3, 4, 3, 3, 4, 5, 7, 2, 5, 8, 3, 5, 5, 3, 6, 2, 0, 2, 1, 1, 1, 1, 1, 1, 0, 0, 0, 0, 0, 1]","[0.0078125, 0.0, 0.0078125, 0.015625, 0.0, 0.0, 0.0234375, 0.015625, 0.0078125, 0.0234375, 0.0, 0.0234375, 0.0390625, 0.046875, 0.0, 0.0234375, 0.015625, 0.015625, 0.0546875, 0.078125, 0.0234375, 0.03125, 0.0234375, 0.0234375, 0.03125, 0.0390625, 0.0546875, 0.015625, 0.0390625, 0.0625, 0.0234375, 0.0390625, 0.0390625, 0.0234375, 0.046875, 0.015625, 0.0, 0.015625, 0.0078125, 0.0078125, 0.0078125, 0.0078125, 0.0078125, 0.0078125, 0.0, 0.0, 0.0, 0.0, 0.0, 0.0078125]",-0.3604972119276626,2.1416475772857666,-0.03942767019907478,0.017173131927847862,-1.9510351419448853,-1.9226233738660812,-1.7165242087841035,-0.5456570386886597,-1.4028824508190154,0.017173131927847862,0.5350204408168793,1.1897921681404107,1.5729327368736272,2.0730842508077725,-0.5456570386886597,0.5350204408168793,-0.0806691582899134,0.7950203815783521
0.10204632177192252,0.6298435926437378,0.017844117139168236,0.1678169615479887,0.13358187429126842,32,8,6.4,5.0,1,3,48,0,512,3,80,8,"gaussian_(128,)_group128_k8",128,percentile,20,42,<class 'numpy.float32'>,custom,"(128,)",0.0001,0.008167000487446785,"[0.03672603517770767, 0.019470088183879852, 0.018288712948560715, 0.017947588115930557, 0.017844118177890778, 0.017844118177890778]",1104964c,0.6929580122232437,,0.5834590410813689,2026-10-02T09:52:30.532407,1.9293339573778212,0.0769344733125763,0.1525794267654419,0.007729827550191746,0.11045190822245031,0.08791943784051252,4.125,7.757575757575758,2,4.125,66,64,128,"[-1.9510351419448853, -1.8691814875602721, -1.7873278331756592, -1.7054741787910461, -1.6236205244064332, -1.5417668700218201, -1.459913215637207, -1.378059561252594, -1.296205906867981, -1.2143522524833679, -1.132498598098755, -1.0506449437141419, -0.9687912893295288, -0.8869376349449158, -0.8050839805603027, -0.7232303261756898, -0.6413766717910767, -0.5595230174064636, -0.4776693630218507, -0.3958157086372376, -0.3139620542526247, -0.23210839986801157, -0.15025474548339846, -0.06840109109878556, 0.013452563285827557, 0.09530621767044067, 0.17715987205505357, 0.25901352643966646, 0.3408671808242798, 0.4227208352088927, 0.5045744895935056, 0.5864281439781189, 0.6682817983627318, 0.7501354527473447, 0.8319891071319581, 0.913842761516571, 0.9956964159011839, 1.0775500702857972, 1.15940372467041, 1.241257379055023, 1.3231110334396359, 1.4049646878242492, 1.486818342208862, 1.568671996593475, 1.6505256509780883, 1.7323793053627012, 1.8142329597473141, 1.8960866141319275, 1.9779402685165404, 2.0597939229011537, 2.1416475772857666]",50,"[1, 0, 1, 2, 0, 0, 3, 2, 1, 3, 0, 3, 5, 6, 0, 3, 2, 2, 7, 10, 3, 4, 3, 3, 4, 5, 7, 2, 5, 8, 3, 5, 5, 3, 6, 2, 0, 2, 1, 1, 1, 1, 1, 1, 0, 0, 0, 0, 0, 1]","[0.0078125, 0.0, 0.0078125, 0.015625, 0.0, 0.0, 0.0234375, 0.015625, 0.0078125, 0.0234375, 0.0, 0.0234375, 0.0390625, 0.046875, 0.0, 0.0234375, 0.015625, 0.015625, 0.0546875, 0.078125, 0.0234375, 0.03125, 0.0234375, 0.0234375, 0.03125, 0.0390625, 0.0546875, 0.015625, 0.0390625, 0.0625, 0.0234375, 0.0390625, 0.0390625, 0.0234375, 0.046875, 0.015625, 0.0, 0.015625, 0.0078125, 0.0078125, 0.0078125, 0.0078125, 0.0078125, 0.0078125, 0.0, 0.0, 0.0, 0.0, 0.0, 0.0078125]",-0.3604972119276626,2.1416475772857666,-0.03942767019907478,0.017173131927847862,-1.9510351419448853,-1.9226233738660812,-1.7165242087841035,-0.5456570386886597,-1.4028824508190154,0.017173131927847862,0.5350204408168793,1.1897921681404107,1.5729327368736272,2.0730842508077725,-0.5456570386886597,0.5350204408168793,-0.0806691582899134,0.7950203815783521
0.055641931990976445,0.26993441581726074,0.005581673186113264,0.0938578330180485,0.07471059621039886,64,16,4.0,8.0,1,4,64,0,512,4,128,16,"gaussian_(128,)_group128_k16",128,percentile,20,42,<class 'numpy.float32'>,custom,"(128,)",0.0001,0.007416994776576757,"[0.011584341526031494, 0.00613667257130146, 0.005659941583871841, 0.005581673234701157]",d2bc2351,0.4938339698128402,,0.5799999926239252,2026-10-02T09:52:30.534131,1.6962909721769392,0.0769344733125763,0.1525794267654419,0.007729827550191746,0.11045190822245031,0.08791943784051252,4.125,7.757575757575758,2,4.125,66,64,128,"[-1.9510351419448853, -1.8691814875602721, -1.7873278331756592, -1.7054741787910461, -1.6236205244064332, -1.5417668700218201, -1.459913215637207, -1.378059561252594, -1.296205906867981, -1.2143522524833679, -1.132498598098755, -1.0506449437141419, -0.9687912893295288, -0.8869376349449158, -0.8050839805603027, -0.7232303261756898, -0.6413766717910767, -0.5595230174064636, -0.4776693630218507, -0.3958157086372376, -0.3139620542526247, -0.23210839986801157, -0.15025474548339846, -0.06840109109878556, 0.013452563285827557, 0.09530621767044067, 0.17715987205505357, 0.25901352643966646, 0.3408671808242798, 0.4227208352088927, 0.5045744895935056, 0.5864281439781189, 0.6682817983627318, 0.7501354527473447, 0.8319891071319581, 0.913842761516571, 0.9956964159011839, 1.0775500702857972, 1.15940372467041, 1.241257379055023, 1.3231110334396359, 1.4049646878242492, 1.486818342208862, 1.568671996593475, 1.6505256509780883, 1.7323793053627012, 1.8142329597473141, 1.8960866141319275, 1.9779402685165404, 2.0597939229011537, 2.1416475772857666]",50,"[1, 0, 1, 2, 0, 0, 3, 2, 1, 3, 0, 3, 5, 6, 0, 3, 2, 2, 7, 10, 3, 4, 3, 3, 4, 5, 7, 2, 5, 8, 3, 5, 5, 3, 6, 2, 0, 2, 1, 1, 1, 1, 1, 1, 0, 0, 0, 0, 0, 1]","[0.0078125, 0.0, 0.0078125, 0.015625, 0.0, 0.0, 0.0234375, 0.015625, 0.0078125, 0.0234375, 0.0, 0.0234375, 0.0390625, 0.046875, 0.0, 0.0234375, 0.015625, 0.015625, 0.0546875, 0.078125, 0.0234375, 0.03125, 0.0234375, 0.0234375, 0.03125, 0.0390625, 0.0546875, 0.015625, 0.0390625, 0.0625, 0.0234375, 0.0390625, 0.0390625, 0.0234375, 0.046875, 0.015625, 0.0, 0.015625, 0.0078125, 0.0078125, 0.0078125, 0.0078125, 0.0078125, 0.0078125, 0.0, 0.0, 0.0, 0.0, 0.0, 0.0078125]",-0.3604972119276626,2.1416475772857666,-0.03942767019907478,0.017173131927847862,-1.9510351419448853,-1.9226233738660812,-1.7165242087841035,-0.5456570386886597,-1.4028824508190154,0.017173131927847862,0.5350204408168793,1.1897921681404107,1.5729327368736272,2.0730842508077725,-0.5456570386886597,0.5350204408168793,-0.0806691582899134,0.7950203815783521
0.026534289863775484,0.14322829246520996,0.0015348967220650935,0.049218446312754655,0.03917775800202321,128,32,2.4615384615384617,13.0,1,5,80,0,512,5,208,32,"gaussian_(128,)_group128_k32",128,percentile,20,42,<class 'numpy.float32'>,custom,"(128,)",0.0001,0.007458031177520752,"[0.0028104293160140514, 0.0017106598243117332, 0.001559596392326057, 0.0015348965534940362]",74d13816,0.5942499847151339,,0.6080419989302754,2026-10-02T09:52:30.535985,1.8281249795109034,0.0769344733125763,0.1525794267654419,0.007729827550191746,0.11045190822245031,0.08791943784051252,4.125,7.757575757575758,2,4.125,66,64,128,"[-1.9510351419448853, -1.8691814875602721, -1.7873278331756592, -1.7054741787910461, -1.6236205244064332, -1.5417668700218201, -1.459913215637207, -1.378059561252594, -1.296205906867981, -1.2143522524833679, -1.132498598098755, -1.0506449437141419, -0.9687912893295288, -0.8869376349449158, -0.8050839805603027, -0.7232303261756898, -0.6413766717910767, -0.5595230174064636, -0.4776693630218507, -0.3958157086372376, -0.3139620542526247, -0.23210839986801157, -0.15025474548339846, -0.06840109109878556, 0.013452563285827557, 0.09530621767044067, 0.17715987205505357, 0.25901352643966646, 0.3408671808242798, 0.4227208352088927, 0.5045744895935056, 0.5864281439781189, 0.6682817983627318, 0.7501354527473447, 0.8319891071319581, 0.913842761516571, 0.9956964159011839, 1.0775500702857972, 1.15940372467041, 1.241257379055023, 1.3231110334396359, 1.4049646878242492, 1.486818342208862, 1.568671996593475, 1.6505256509780883, 1.7323793053627012, 1.8142329597473141, 1.8960866141319275, 1.9779402685165404, 2.0597939229011537, 2.1416475772857666]",50,"[1, 0, 1, 2, 0, 0, 3, 2, 1, 3, 0, 3, 5, 6, 0, 3, 2, 2, 7, 10, 3, 4, 3, 3, 4, 5, 7, 2, 5, 8, 3, 5, 5, 3, 6, 2, 0, 2, 1, 1, 1, 1, 1, 1, 0, 0, 0, 0, 0, 1]","[0.0078125, 0.0, 0.0078125, 0.015625, 0.0, 0.0, 0.0234375, 0.015625, 0.0078125, 0.0234375, 0.0, 0.0234375, 0.0390625, 0.046875, 0.0, 0.0234375, 0.015625, 0.015625, 0.0546875, 0.078125, 0.0234375, 0.03125, 0.0234375, 0.0234375, 0.03125, 0.0390625, 0.0546875, 0.015625, 0.0390625, 0.0625, 0.0234375, 0.0390625, 0.0390625, 0.0234375, 0.046875, 0.015625, 0.0, 0.015625, 0.0078125, 0.0078125, 0.0078125, 0.0078125, 0.0078125, 0.0078125, 0.0, 0.0, 0.0, 0.0, 0.0, 0.0078125]",-0.3604972119276626,2.1416475772857666,-0.03942767019907478,0.017173131927847862,-1.9510351419448853,-1.9226233738660812,-1.7165242087841035,-0.5456570386886597,-1.4028824508190154,0.017173131927847862,0.5350204408168793,1.1897921681404107,1.5729327368736272,2.0730842508077725,-0.5456570386886597,0.5350204408168793,-0.0806691582899134,0.7950203815783521
0.48222930159020905,2.7970980405807495,0.36122158744599686,0.6109407160555234,0.601017127414849,8,2,30.11764705882353,1.0625,1,1,128,0,4096,1,136,2,"gaussian_(1024,)_global_k2",,percentile,20,42,<class 'numpy.float32'>,custom,"(1024,)",0.0001,0.010333023965358734,"[7.20599365234375, 0.36534178256988525, 0.36320793628692627, 0.36201849579811096, 0.36157071590423584, 0.3613618016242981, 0.36124250292778015, 0.361221581697464]",7e1fcd8a,4.25204198108986,,4.484167031478137,2026-10-02T09:52:30.546944,10.226082988083363,0.09956993176230355,0.25583207607269287,0.013546235490073876,0.11831002108178645,0.11638829619026939,4.125,7.757575757575758,16,4.125,528,512,1024,"[-3.6484129428863525, -3.5118676090240477, -3.3753222751617433, -3.2387769412994385, -3.1022316074371337, -2.9656862735748293, -2.8291409397125244, -2.6925956058502196, -2.556050271987915, -2.4195049381256104, -2.2829596042633056, -2.146414270401001, -2.0098689365386964, -1.8733236026763915, -1.736778268814087, -1.6002329349517823, -1.4636876010894775, -1.3271422672271727, -1.1905969333648683, -1.0540515995025634, -0.9175062656402586, -0.7809609317779542, -0.6444155979156494, -0.5078702640533446, -0.3713249301910402, -0.23477959632873535, -0.09823426246643052, 0.03831107139587431, 0.1748564052581787, 0.3114017391204835, 0.4479470729827879, 0.5844924068450927, 0.7210377407073976, 0.8575830745697024, 0.9941284084320072, 1.130673742294312, 1.267219076156616, 1.4037644100189208, 1.5403097438812257, 1.6768550777435305, 1.8134004116058353, 1.9499457454681401, 2.086491079330444, 2.223036413192749, 2.3595817470550537, 2.4961270809173586, 2.6326724147796634, 2.7692177486419682, 2.905763082504272, 3.042308416366577, 3.178853750228882]",50,"[1, 0, 0, 0, 0, 2, 0, 3, 1, 7, 4, 5, 9, 10, 17, 18, 17, 25, 35, 39, 42, 33, 35, 52, 62, 57, 54, 51, 65, 77, 44, 42, 44, 29, 25, 18, 21, 20, 15, 14, 9, 8, 4, 2, 2, 3, 0, 1, 1, 1]","[0.0009765625, 0.0, 0.0, 0.0, 0.0, 0.001953125, 0.0, 0.0029296875, 0.0009765625, 0.0068359375, 0.00390625, 0.0048828125, 0.0087890625, 0.009765625, 0.0166015625, 0.017578125, 0.0166015625, 0.0244140625, 0.0341796875, 0.0380859375, 0.041015625, 0.0322265625, 0.0341796875, 0.05078125, 0.060546875, 0.0556640625, 0.052734375, 0.0498046875, 0.0634765625, 0.0751953125, 0.04296875, 0.041015625, 0.04296875, 0.0283203125, 0.0244140625, 0.017578125, 0.0205078125, 0.01953125, 0.0146484375, 0.013671875, 0.0087890625, 0.0078125, 0.00390625, 0.001953125, 0.001953125, 0.0029296875, 0.0, 0.0009765625, 0.0009765625, 0.0009765625]",0.09801184852306033,3.178853750228882,-0.029256355731135386,0.006177871488034725,-3.6484129428863525,-2.9637483088970185,-2.3305662441253663,-0.6941152960062027,-1.6816417694091796,0.006177871488034725,0.5898867249488831,1.6110892951488496,2.1387954878807065,2.913660175800324,-0.6941152960062027,0.5898867249488831,-0.045889121659072024,0.9833217416505118
0.26597030790138376,2.159472942352295,0.1128619115574874,0.3414962366218727,0.3359492693212584,16,4,15.058823529411764,2.125,1,2,256,0,4096,2,272,4,"gaussian_(1024,)_global_k4",,percentile,20,42,<class 'numpy.float32'>,custom,"(1024,)",0.0001,0.011374999303370714,"[0.38563820719718933, 0.18186728656291962, 0.1361873298883438, 0.12146446108818054, 0.11667755246162415, 0.115370012819767, 0.11467491090297699, 0.11421161890029907, 0.11403389275074005, 0.11379016190767288, 0.11337599158287048, 0.11303284019231796, 0.11290861666202545, 0.11286191642284393]",f907abaf,7.6025829766877,,4.421167017426342,2026-10-02T09:52:30.560180,13.19116703234613,0.09956993176230355,0.25583207607269287,0.013546235490073876,0.11831002108178645,0.11638829619026939,4.125,7.757575757575758,16,4.125,528,512,1024,"[-3.6484129428863525, -3.5118676090240477, -3.3753222751617433, -3.2387769412994385, -3.1022316074371337, -2.9656862735748293, -2.8291409397125244, -2.6925956058502196, -2.556050271987915, -2.4195049381256104, -2.2829596042633056, -2.146414270401001, -2.0098689365386964, -1.8733236026763915, -1.736778268814087, -1.6002329349517823, -1.4636876010894775, -1.3271422672271727, -1.1905969333648683, -1.0540515995025634, -0.9175062656402586, -0.7809609317779542, -0.6444155979156494, -0.5078702640533446, -0.3713249301910402, -0.23477959632873535, -0.09823426246643052, 0.03831107139587431, 0.1748564052581787, 0.3114017391204835, 0.4479470729827879, 0.5844924068450927, 0.7210377407073976, 0.8575830745697024, 0.9941284084320072, 1.130673742294312, 1.267219076156616, 1.4037644100189208, 1.5403097438812257, 1.6768550777435305, 1.8134004116058353, 1.9499457454681401, 2.086491079330444, 2.223036413192749, 2.3595817470550537, 2.4961270809173586, 2.6326724147796634, 2.7692177486419682, 2.905763082504272, 3.042308416366577, 3.178853750228882]",50,"[1, 0, 0, 0, 0, 2, 0, 3, 1, 7, 4, 5, 9, 10, 17, 18, 17, 25, 35, 39, 42, 33, 35, 52, 62, 57, 54, 51, 65, 77, 44, 42, 44, 29, 25, 18, 21, 20, 15, 14, 9, 8, 4, 2, 2, 3, 0, 1, 1, 1]","[0.0009765625, 0.0, 0.0, 0.0, 0.0, 0.001953125, 0.0, 0.0029296875, 0.0009765625, 0.0068359375, 0.00390625, 0.0048828125, 0.0087890625, 0.009765625, 0.0166015625, 0.017578125, 0.0166015625, 0.0244140625, 0.0341796875, 0.0380859375, 0.041015625, 0.0322265625, 0.0341796875, 0.05078125, 0.060546875, 0.0556640625, 0.052734375, 0.0498046875, 0.0634765625, 0.0751953125, 0.04296875, 0.041015625, 0.04296875, 0.0283203125, 0.0244140625, 0.017578125, 0.0205078125, 0.01953125, 0.0146484375, 0.013671875, 0.0087890625, 0.0078125, 0.00390625, 0.001953125, 0.001953125, 0.0029296875, 0.0, 0.0009765625, 0.0009765625, 0.0009765625]",0.09801184852306033,3.178853750228882,-0.029256355731135386,0.006177871488034725,-3.6484129428863525,-2.9637483088970185,-2.3305662441253663,-0.6941152960062027,-1.6816417694091796,0.006177871488034725,0.5898867249488831,1.6110892951488496,2.1387954878807065,2.913660175800324,-0.6941152960062027,0.5898867249488831,-0.045889121659072024,0.9833217416505118
0.1453903257231417,1.4092037677764893,0.033231703611612075,0.1853055914697178,0.18229564891025807,32,8,9.846153846153847,3.25,1,3,384,0,4096,3,416,8,"gaussian_(1024,)_global_k8",,percentile,20,42,<class 'numpy.float32'>,custom,"(1024,)",0.0001,0.010375049896538258,"[0.1063499003648758, 0.050211094319820404, 0.039843298494815826, 0.03653404116630554, 0.03521619364619255, 0.034601908177137375, 0.03417085483670235, 0.03378056734800339, 0.03350191190838814, 0.033359501510858536, 0.0332547202706337, 0.0332317017018795]",f0037982,6.826833006925881,,5.057457950897515,2026-10-02T09:52:30.573331,13.11091601382941,0.09956993176230355,0.25583207607269287,0.013546235490073876,0.11831002108178645,0.11638829619026939,4.125,7.757575757575758,16,4.125,528,512,1024,"[-3.6484129428863525, -3.5118676090240477, -3.3753222751617433, -3.2387769412994385, -3.1022316074371337, -2.9656862735748293, -2.8291409397125244, -2.6925956058502196, -2.556050271987915, -2.4195049381256104, -2.2829596042633056, -2.146414270401001, -2.0098689365386964, -1.8733236026763915, -1.736778268814087, -1.6002329349517823, -1.4636876010894775, -1.3271422672271727, -1.1905969333648683, -1.0540515995025634, -0.9175062656402586, -0.7809609317779542, -0.6444155979156494, -0.5078702640533446, -0.3713249301910402, -0.23477959632873535, -0.09823426246643052, 0.03831107139587431, 0.1748564052581787, 0.3114017391204835, 0.4479470729827879, 0.5844924068450927, 0.7210377407073976, 0.8575830745697024, 0.9941284084320072, 1.130673742294312, 1.267219076156616, 1.4037644100189208, 1.5403097438812257, 1.6768550777435305, 1.8134004116058353, 1.9499457454681401, 2.086491079330444, 2.223036413192749, 2.3595817470550537, 2.4961270809173586, 2.6326724147796634, 2.7692177486419682, 2.905763082504272, 3.042308416366577, 3.178853750228882]",50,"[1, 0, 0, 0, 0, 2, 0, 3, 1, 7, 4, 5, 9, 10, 17, 18, 17, 25, 35, 39, 42, 33, 35, 52, 62, 57, 54, 51, 65, 77, 44, 42, 44, 29, 25, 18, 21, 20, 15, 14, 9, 8, 4, 2, 2, 3, 0, 1, 1, 1]","[0.0009765625, 0.0, 0.0, 0.0, 0.0, 0.001953125, 0.0, 0.0029296875, 0.0009765625, 0.0068359375, 0.00390625, 0.0048828125, 0.0087890625, 0.009765625, 0.0166015625, 0.017578125, 0.0166015625, 0.0244140625, 0.0341796875, 0.0380859375, 0.041015625, 0.0322265625, 0.0341796875, 0.05078125, 0.060546875, 0.0556640625, 0.052734375, 0.0498046875, 0.0634765625, 0.0751953125, 0.04296875, 0.041015625, 0.04296875, 0.0283203125, 0.0244140625, 0.017578125, 0.0205078125, 0.01953125, 0.0146484375, 0.013671875, 0.0087890625, 0.0078125, 0.00390625, 0.001953125, 0.001953125, 0.0029296875, 0.0, 0.0009765625, 0.0009765625, 0.0009765625]",0.09801184852306033,3.178853750228882,-0.029256355731135386,0.006177871488034725,-3.6484129428863525,-2.9637483088970185,-2.3305662441253663,-0.6941152960062027,-1.6816417694091796,0.006177871488034725,0.5898867249488831,1.6110892951488496,2.1387954878807065,2.913660175800324,-0.6941152960062027,0.5898867249488831,-0.045889121659072024,0.9833217416505118
0.07469608698441732,1.113025188446045,0.010818362584445249,0.10572872321062708,0.10401135795885587,64,16,7.111111111111111,4.5,1,4,512,0,4096,4,576,16,"gaussian_(1024,)_global_k16",,percentile,20,42,<class 'numpy.float32'>,custom,"(1024,)",0.0001,0.009834009688347578,"[0.03198130801320076, 0.016893573105335236, 0.013994676060974598, 0.012512469664216042, 0.012024876661598682, 0.011679282411932945, 0.011479821987450123, 0.011289088986814022, 0.011121830902993679, 0.010908730328083038, 0.01081836223602295]",84aca654,6.195000023581088,,4.44141699699685,2026-10-02T09:52:30.585114,11.744040995836258,0.09956993176230355,0.25583207607269287,0.013546235490073876,0.11831002108178645,0.11638829619026939,4.125,7.757575757575758,16,4.125,528,512,1024,"[-3.6484129428863525, -3.5118676090240477, -3.3753222751617433, -3.2387769412994385, -3.1022316074371337, -2.9656862735748293, -2.8291409397125244, -2.6925956058502196, -2.556050271987915, -2.4195049381256104, -2.2829596042633056, -2.146414270401001, -2.0098689365386964, -1.8733236026763915, -1.736778268814087, -1.6002329349517823, -1.4636876010894775, -1.3271422672271727, -1.1905969333648683, -1.0540515995025634, -0.9175062656402586, -0.7809609317779542, -0.6444155979156494, -0.5078702640533446, -0.3713249301910402, -0.23477959632873535, -0.09823426246643052, 0.03831107139587431, 0.1748564052581787, 0.3114017391204835, 0.4479470729827879, 0.5844924068450927, 0.7210377407073976, 0.8575830745697024, 0.9941284084320072, 1.130673742294312, 1.267219076156616, 1.4037644100189208, 1.5403097438812257, 1.6768550777435305, 1.8134004116058353, 1.9499457454681401, 2.086491079330444, 2.223036413192749, 2.3595817470550537, 2.4961270809173586, 2.6326724147796634, 2.7692177486419682, 2.905763082504272, 3.042308416366577, 3.178853750228882]",50,"[1, 0, 0, 0, 0, 2, 0, 3, 1, 7, 4, 5, 9, 10, 17, 18, 17, 25, 35, 39, 42, 33, 35, 52, 62, 57, 54, 51, 65, 77, 44, 42, 44, 29, 25, 18, 21, 20, 15, 14, 9, 8, 4, 2, 2, 3, 0, 1, 1, 1]","[0.0009765625, 0.0, 0.0, 0.0, 0.0, 0.001953125, 0.0, 0.0029296875, 0.0009765625, 0.0068359375, 0.00390625, 0.0048828125, 0.0087890625, 0.009765625, 0.0166015625, 0.017578125, 0.0166015625, 0.0244140625, 0.0341796875, 0.0380859375, 0.041015625, 0.0322265625, 0.0341796875, 0.05078125, 0.060546875, 0.0556640625, 0.052734375, 0.0498046875, 0.0634765625, 0.0751953125, 0.04296875, 0.041015625, 0.04296875, 0.0283203125, 0.0244140625, 0.017578125, 0.0205078125, 0.01953125, 0.0146484375, 0.013671875, 0.0087890625, 0.0078125, 0.00390625, 0.001953125, 0.001953125, 0.0029296875, 0.0, 0.0009765625, 0.0009765625, 0.0009765625]",0.09801184852306033,3.178853750228882,-0.029256355731135386,0.006177871488034725,-3.6484129428863525,-2.9637483088970185,-2.3305662441253663,-0.6941152960062027,-1.6816417694091796,0.006177871488034725,0.5898867249488831,1.6110892951488496,2.1387954878807065,2.913660175800324,-0.6941152960062027,0.5898867249488831,-0.045889121659072024,0.9833217416505118
0.04082911878934681,0.5943202972412109,0.004340918170741372,0.06697350388738223,0.06588564464844654,128,32,5.333333333333333,6.0,1,5,640,0,4096,5,768,32,"gaussian_(1024,)_global_k32",,percentile,20,42,<class 'numpy.float32'>,custom,"(1024,)",0.0001,0.009666953701525927,"[0.010617142543196678, 0.005761787761002779, 0.005120304878801107, 0.004863960202783346, 0.004674840718507767, 0.004549569450318813, 0.0044287219643592834, 0.004340917803347111]",0d92d673,4.672708979342133,,4.5653749839402735,2026-10-02T09:52:30.595467,10.319209017325193,0.09956993176230355,0.25583207607269287,0.013546235490073876,0.11831002108178645,0.11638829619026939,4.125,7.757575757575758,16,4.125,528,512,1024,"[-3.6484129428863525, -3.5118676090240477, -3.3753222751617433, -3.2387769412994385, -3.1022316074371337, -2.9656862735748293, -2.8291409397125244, -2.6925956058502196, -2.556050271987915, -2.4195049381256104, -2.2829596042633056, -2.146414270401001, -2.0098689365386964, -1.8733236026763915, -1.736778268814087, -1.6002329349517823, -1.4636876010894775, -1.3271422672271727, -1.1905969333648683, -1.0540515995025634, -0.9175062656402586, -0.7809609317779542, -0.6444155979156494, -0.5078702640533446, -0.3713249301910402, -0.23477959632873535, -0.09823426246643052, 0.03831107139587431, 0.1748564052581787, 0.3114017391204835, 0.4479470729827879, 0.5844924068450927, 0.7210377407073976, 0.8575830745697024, 0.9941284084320072, 1.130673742294312, 1.267219076156616, 1.4037644100189208, 1.5403097438812257, 1.6768550777435305, 1.8134004116058353, 1.9499457454681401, 2.086491079330444, 2.223036413192749, 2.3595817470550537, 2.4961270809173586, 2.6326724147796634, 2.7692177486419682, 2.905763082504272, 3.042308416366577, 3.178853750228882]",50,"[1, 0, 0, 0, 0, 2, 0, 3, 1, 7, 4, 5, 9, 10, 17, 18, 17, 25, 35, 39, 42, 33, 35, 52, 62, 57, 54, 51, 65, 77, 44, 42, 44, 29, 25, 18, 21, 20, 15, 14, 9, 8, 4, 2, 2, 3, 0, 1, 1, 1]","[0.0009765625, 0.0, 0.0, 0.0, 0.0, 0.001953125, 0.0, 0.0029296875, 0.0009765625, 0.0068359375, 0.00390625, 0.0048828125, 0.0087890625, 0.009765625, 0.0166015625, 0.017578125, 0.0166015625, 0.0244140625, 0.0341796875, 0.0380859375, 0.041015625, 0.0322265625, 0.0341796875, 0.05078125, 0.060546875, 0.0556640625, 0.052734375, 0.0498046875, 0.0634765625, 0.0751953125, 0.04296875, 0.041015625, 0.04296875, 0.0283203125, 0.0244140625, 0.017578125, 0.0205078125, 0.01953125, 0.0146484375, 0.013671875, 0.0087890625, 0.0078125, 0.00390625, 0.001953125, 0.001953125, 0.0029296875, 0.0, 0.0009765625, 0.0009765625, 0.0009765625]",0.09801184852306033,3.178853750228882,-0.029256355731135386,0.006177871488034725,-3.6484129428863525,-2.9637483088970185,-2.3305662441253663,-0.6941152960062027,-1.6816417694091796,0.006177871488034725,0.5898867249488831,1.6110892951488496,2.1387954878807065,2.913660175800324,-0.6941152960062027,0.5898867249488831,-0.045889121659072024,0.9833217416505118
0.48010993385263134,2.7037323117256165,0.35501412383527264,0.6056685692133532,0.5958306167320312,64,2,21.333333333333332,1.5,8,1,128,0,4096,1,192,2,"gaussian_(1024,)_group128_k2",128,percentile,20,42,<class 'numpy.float32'>,custom,"(1024,)",0.0001,0.026708992663770914,"[2.1519527435302734, 0.20599013566970825, 0.2027163803577423, 0.20240630209445953, 0.20230095088481903, 0.20230095088481903]",abae0c91,3.6247920361347497,,4.52291703550145,2026-10-02T09:52:30.604778,9.277833043597639,0.09956993176230355,0.25583207607269287,0.013546235490073876,0.11831002108178645,0.11638829619026939,4.125,7.757575757575758,16,4.125,528,512,1024,"[-3.6484129428863525, -3.5118676090240477, -3.3753222751617433, -3.2387769412994385, -3.1022316074371337, -2.9656862735748293, -2.8291409397125244, -2.6925956058502196, -2.556050271987915, -2.4195049381256104, -2.2829596042633056, -2.146414270401001, -2.0098689365386964, -1.8733236026763915, -1.736778268814087, -1.6002329349517823, -1.4636876010894775, -1.3271422672271727, -1.1905969333648683, -1.0540515995025634, -0.9175062656402586, -0.7809609317779542, -0.6444155979156494, -0.5078702640533446, -0.3713249301910402, -0.23477959632873535, -0.09823426246643052, 0.03831107139587431, 0.1748564052581787, 0.3114017391204835, 0.4479470729827879, 0.5844924068450927, 0.7210377407073976, 0.8575830745697024, 0.9941284084320072, 1.130673742294312, 1.267219076156616, 1.4037644100189208, 1.5403097438812257, 1.6768550777435305, 1.8134004116058353, 1.9499457454681401, 2.086491079330444, 2.223036413192749, 2.3595817470550537, 2.4961270809173586, 2.6326724147796634, 2.7692177486419682, 2.905763082504272, 3.042308416366577, 3.178853750228882]",50,"[1, 0, 0, 0, 0, 2, 0, 3, 1, 7, 4, 5, 9, 10, 17, 18, 17, 25, 35, 39, 42, 33, 35, 52, 62, 57, 54, 51, 65, 77, 44, 42, 44, 29, 25, 18, 21, 20, 15, 14, 9, 8, 4, 2, 2, 3, 0, 1, 1, 1]","[0.0009765625, 0.0, 0.0, 0.0, 0.0, 0.001953125, 0.0, 0.0029296875, 0.0009765625, 0.0068359375, 0.00390625, 0.0048828125, 0.0087890625, 0.009765625, 0.0166015625, 0.017578125, 0.0166015625, 0.0244140625, 0.0341796875, 0.0380859375, 0.041015625, 0.0322265625, 0.0341796875, 0.05078125, 0.060546875, 0.0556640625, 0.052734375, 0.0498046875, 0.0634765625, 0.0751953125, 0.04296875, 0.041015625, 0.04296875, 0.0283203125, 0.0244140625, 0.017578125, 0.0205078125, 0.01953125, 0.0146484375, 0.013671875, 0.0087890625, 0.0078125, 0.00390625, 0.001953125, 0.001953125, 0.0029296875, 0.0, 0.0009765625, 0.0009765625, 0.0009765625]",0.09801184852306033,3.178853750228882,-0.029256355731135386,0.006177871488034725,-3.6484129428863525,-2.9637483088970185,-2.3305662441253663,-0.6941152960062027,-1.6816417694091796,0.006177871488034725,0.5898867249488831,1.6110892951488496,2.1387954878807065,2.913660175800324,-0.6941152960062027,0.5898867249488831,-0.045889121659072024,0.9833217416505118
0.2653165258284531,1.817383050918579,0.10444054641020731,0.32850863433784605,0.32317262633182176,128,4,10.666666666666666,3.0,8,2,256,0,4096,2,384,4,"gaussian_(1024,)_group128_k4",128,percentile,20,42,<class 'numpy.float32'>,custom,"(1024,)",0.0001,0.018000020645558834,"[0.14049473404884338, 0.07860587537288666, 0.07415448129177094, 0.0714247077703476, 0.06972616910934448, 0.06724417209625244, 0.06616318225860596, 0.0657530426979065, 0.0656968206167221]",a3e5c786,7.259792007971555,,4.405957995913923,2026-10-02T09:52:30.617567,12.756625015754253,0.09956993176230355,0.25583207607269287,0.013546235490073876,0.11831002108178645,0.11638829619026939,4.125,7.757575757575758,16,4.125,528,512,1024,"[-3.6484129428863525, -3.5118676090240477, -3.3753222751617433, -3.2387769412994385, -3.1022316074371337, -2.9656862735748293, -2.8291409397125244, -2.6925956058502196, -2.556050271987915, -2.4195049381256104, -2.2829596042633056, -2.146414270401001, -2.0098689365386964, -1.8733236026763915, -1.736778268814087, -1.6002329349517823, -1.4636876010894775, -1.3271422672271727, -1.1905969333648683, -1.0540515995025634, -0.9175062656402586, -0.7809609317779542, -0.6444155979156494, -0.5078702640533446, -0.3713249301910402, -0.23477959632873535, -0.09823426246643052, 0.03831107139587431, 0.1748564052581787, 0.3114017391204835, 0.4479470729827879, 0.5844924068450927, 0.7210377407073976, 0.8575830745697024, 0.9941284084320072, 1.130673742294312, 1.267219076156616, 1.4037644100189208, 1.5403097438812257, 1.6768550777435305, 1.8134004116058353, 1.9499457454681401, 2.086491079330444, 2.223036413192749, 2.3595817470550537, 2.4961270809173586, 2.6326724147796634, 2.7692177486419682, 2.905763082504272, 3.042308416366577, 3.178853750228882]",50,"[1, 0, 0, 0, 0, 2, 0, 3, 1, 7, 4, 5, 9, 10, 17, 18, 17, 25, 35, 39, 42, 33, 35, 52, 62, 57, 54, 51, 65, 77, 44, 42, 44, 29, 25, 18, 21, 20, 15, 14, 9, 8, 4, 2, 2, 3, 0, 1, 1, 1]","[0.0009765625, 0.0, 0.0, 0.0, 0.0, 0.001953125, 0.0, 0.0029296875, 0.0009765625, 0.0068359375, 0.00390625, 0.0048828125, 0.0087890625, 0.009765625, 0.0166015625, 0.017578125, 0.0166015625, 0.0244140625, 0.0341796875, 0.0380859375, 0.041015625, 0.0322265625, 0.0341796875, 0.05078125, 0.060546875, 0.0556640625, 0.052734375, 0.0498046875, 0.0634765625, 0.0751953125, 0.04296875, 0.041015625, 0.04296875, 0.0283203125, 0.0244140625, 0.017578125, 0.0205078125, 0.01953125, 0.0146484375, 0.013671875, 0.0087890625, 0.0078125, 0.00390625, 0.001953125, 0.001953125, 0.0029296875, 0.0, 0.0009765625, 0.0009765625, 0.0009765625]",0.09801184852306033,3.178853750228882,-0.029256355731135386,0.006177871488034725,-3.6484129428863525,-2.9637483088970185,-2.3305662441253663,-0.6941152960062027,-1.6816417694091796,0.006177871488034725,0.5898867249488831,1.6110892951488496,2.1387954878807065,2.913660175800324,-0.6941152960062027,0.5898867249488831,-0.045889121659072024,0.9833217416505118
0.1278846639118143,0.6870112419128418,0.02646461466615289,0.16536553817484606,0.16267948446609024,256,8,6.4,5.0,8,3,384,0,4096,3,640,8,"gaussian_(1024,)_group128_k8",128,percentile,20,42,<class 'numpy.float32'>,custom,"(1024,)",0.0001,0.018125050701200962,"[0.03672603517770767, 0.019470088183879852, 0.018288712948560715, 0.017947588115930557, 0.017844118177890778, 0.017844118177890778]",9114e868,6.9731250405311584,,4.481499956455082,2026-10-02T09:52:30.630184,12.581415998283774,0.09956993176230355,0.25583207607269287,0.013546235490073876,0.11831002108178645,0.11638829619026939,4.125,7.757575757575758,16,4.125,528,512,1024,"[-3.6484129428863525, -3.5118676090240477, -3.3753222751617433, -3.2387769412994385, -3.1022316074371337, -2.9656862735748293, -2.8291409397125244, -2.6925956058502196, -2.556050271987915, -2.4195049381256104, -2.2829596042633056, -2.146414270401001, -2.0098689365386964, -1.8733236026763915, -1.736778268814087, -1.6002329349517823, -1.4636876010894775, -1.3271422672271727, -1.1905969333648683, -1.0540515995025634, -0.9175062656402586, -0.7809609317779542, -0.6444155979156494, -0.5078702640533446, -0.3713249301910402, -0.23477959632873535, -0.09823426246643052, 0.03831107139587431, 0.1748564052581787, 0.3114017391204835, 0.4479470729827879, 0.5844924068450927, 0.7210377407073976, 0.8575830745697024, 0.9941284084320072, 1.130673742294312, 1.267219076156616, 1.4037644100189208, 1.5403097438812257, 1.6768550777435305, 1.8134004116058353, 1.9499457454681401, 2.086491079330444, 2.223036413192749, 2.3595817470550537, 2.4961270809173586, 2.6326724147796634, 2.7692177486419682, 2.905763082504272, 3.042308416366577, 3.178853750228882]",50,"[1, 0, 0, 0, 0, 2, 0, 3, 1, 7, 4, 5, 9, 10, 17, 18, 17, 25, 35, 39, 42, 33, 35, 52, 62, 57, 54, 51, 65, 77, 44, 42, 44, 29, 25, 18, 21, 20, 15, 14, 9, 8, 4, 2, 2, 3, 0, 1, 1, 1]","[0.0009765625, 0.0, 0.0, 0.0, 0.0, 0.001953125, 0.0, 0.0029296875, 0.0009765625, 0.0068359375, 0.00390625, 0.0048828125, 0.0087890625, 0.009765625, 0.0166015625, 0.017578125, 0.0166015625, 0.0244140625, 0.0341796875, 0.0380859375, 0.041015625, 0.0322265625, 0.0341796875, 0.05078125, 0.060546875, 0.0556640625, 0.052734375, 0.0498046875, 0.0634765625, 0.0751953125, 0.04296875, 0.041015625, 0.04296875, 0.0283203125, 0.0244140625, 0.017578125, 0.0205078125, 0.01953125, 0.0146484375, 0.013671875, 0.0087890625, 0.0078125, 0.00390625, 0.001953125, 0.001953125, 0.0029296875, 0.0, 0.0009765625, 0.0009765625, 0.0009765625]",0.09801184852306033,3.178853750228882,-0.029256355731135386,0.006177871488034725,-3.6484129428863525,-2.9637483088970185,-2.3305662441253663,-0.6941152960062027,-1.6816417694091796,0.006177871488034725,0.5898867249488831,1.6110892951488496,2.1387954878807065,2.913660175800324,-0.6941152960062027,0.5898867249488831,-0.045889121659072024,0.9833217416505118
0.06402171666262291,0.42844581604003906,0.007702919887576149,0.08921541740180942,0.08776627990051845,512,16,4.0,8.0,8,4,512,0,4096,4,1024,16,"gaussian_(1024,)_group128_k16",128,percentile,20,42,<class 'numpy.float32'>,custom,"(1024,)",0.0001,0.01795799471437931,"[0.011584341526031494, 0.00613667257130146, 0.005659941583871841, 0.005581673234701157]",dc633a9e,5.026792001444846,,4.4147499720565975,2026-10-02T09:52:30.640752,10.536167013924569,0.09956993176230355,0.25583207607269287,0.013546235490073876,0.11831002108178645,0.11638829619026939,4.125,7.757575757575758,16,4.125,528,512,1024,"[-3.6484129428863525, -3.5118676090240477, -3.3753222751617433, -3.2387769412994385, -3.1022316074371337, -2.9656862735748293, -2.8291409397125244, -2.6925956058502196, -2.556050271987915, -2.4195049381256104, -2.2829596042633056, -2.146414270401001, -2.0098689365386964, -1.8733236026763915, -1.736778268814087, -1.6002329349517823, -1.4636876010894775, -1.3271422672271727, -1.1905969333648683, -1.0540515995025634, -0.9175062656402586, -0.7809609317779542, -0.6444155979156494, -0.5078702640533446, -0.3713249301910402, -0.23477959632873535, -0.09823426246643052, 0.03831107139587431, 0.1748564052581787, 0.3114017391204835, 0.4479470729827879, 0.5844924068450927, 0.7210377407073976, 0.8575830745697024, 0.9941284084320072, 1.130673742294312, 1.267219076156616, 1.4037644100189208, 1.5403097438812257, 1.6768550777435305, 1.8134004116058353, 1.9499457454681401, 2.086491079330444, 2.223036413192749, 2.3595817470550537, 2.4961270809173586, 2.6326724147796634, 2.7692177486419682, 2.905763082504272, 3.042308416366577, 3.178853750228882]",50,"[1, 0, 0, 0, 0, 2, 0, 3, 1, 7, 4, 5, 9, 10, 17, 18, 17, 25, 35, 39, 42, 33, 35, 52, 62, 57, 54, 51, 65, 77, 44, 42, 44, 29, 25, 18, 21, 20, 15, 14, 9, 8, 4, 2, 2, 3, 0, 1, 1, 1]","[0.0009765625, 0.0, 0.0, 0.0, 0.0, 0.001953125, 0.0, 0.0029296875, 0.0009765625, 0.0068359375, 0.00390625, 0.0048828125, 0.0087890625, 0.009765625, 0.0166015625, 0.017578125, 0.0166015625, 0.0244140625, 0.0341796875, 0.0380859375, 0.041015625, 0.0322265625, 0.0341796875, 0.05078125, 0.060546875, 0.0556640625, 0.052734375, 0.0498046875, 0.0634765625, 0.0751953125, 0.04296875, 0.041015625, 0.04296875, 0.0283203125, 0.0244140625, 0.017578125, 0.0205078125, 0.01953125, 0.0146484375, 0.013671875, 0.0087890625, 0.0078125, 0.00390625, 0.001953125, 0.001953125, 0.0029296875, 0.0, 0.0009765625, 0.0009765625, 0.0009765625]",0.09801184852306033,3.178853750228882,-0.029256355731135386,0.006177871488034725,-3.6484129428863525,-2.9637483088970185,-2.3305662441253663,-0.6941152960062027,-1.6816417694091796,0.006177871488034725,0.5898867249488831,1.6110892951488496,2.1387954878807065,2.913660175800324,-0.6941152960062027,0.5898867249488831,-0.045889121659072024,0.9833217416505118
0.02994633619961462,0.35890936851501465,0.002258499420563014,0.04830835097160895,0.047523672212519665,1024,32,2.4615384615384617,13.0,8,5,640,0,4096,5,1664,32,"gaussian_(1024,)_group128_k32",128,percentile,20,42,<class 'numpy.float32'>,custom,"(1024,)",0.0001,0.017874990589916706,"[0.0028104293160140514, 0.0017106598243117332, 0.001559596392326057, 0.0015348965534940362]",c7dec7d5,4.315083962865174,,4.497624991927296,2026-10-02T09:52:30.650699,9.911875007674098,0.09956993176230355,0.25583207607269287,0.013546235490073876,0.11831002108178645,0.11638829619026939,4.125,7.757575757575758,16,4.125,528,512,1024,"[-3.6484129428863525, -3.5118676090240477, -3.3753222751617433, -3.2387769412994385, -3.1022316074371337, -2.9656862735748293, -2.8291409397125244, -2.6925956058502196, -2.556050271987915, -2.4195049381256104, -2.2829596042633056, -2.146414270401001, -2.0098689365386964, -1.8733236026763915, -1.736778268814087, -1.6002329349517823, -1.4636876010894775, -1.3271422672271727, -1.1905969333648683, -1.0540515995025634, -0.9175062656402586, -0.7809609317779542, -0.6444155979156494, -0.5078702640533446, -0.3713249301910402, -0.23477959632873535, -0.09823426246643052, 0.03831107139587431, 0.1748564052581787, 0.3114017391204835, 0.4479470729827879, 0.5844924068450927, 0.7210377407073976, 0.8575830745697024, 0.9941284084320072, 1.130673742294312, 1.267219076156616, 1.4037644100189208, 1.5403097438812257, 1.6768550777435305, 1.8134004116058353, 1.9499457454681401, 2.086491079330444, 2.223036413192749, 2.3595817470550537, 2.4961270809173586, 2.6326724147796634, 2.7692177486419682, 2.905763082504272, 3.042308416366577, 3.178853750228882]",50,"[1, 0, 0, 0, 0, 2, 0, 3, 1, 7, 4, 5, 9, 10, 17, 18, 17, 25, 35, 39, 42, 33, 35, 52, 62, 57, 54, 51, 65, 77, 44, 42, 44, 29, 25, 18, 21, 20, 15, 14, 9, 8, 4, 2, 2, 3, 0, 1, 1, 1]","[0.0009765625, 0.0, 0.0, 0.0, 0.0, 0.001953125, 0.0, 0.0029296875, 0.0009765625, 0.0068359375, 0.00390625, 0.0048828125, 0.0087890625, 0.009765625, 0.0166015625, 0.017578125, 0.0166015625, 0.0244140625, 0.0341796875, 0.0380859375, 0.041015625, 0.0322265625, 0.0341796875, 0.05078125, 0.060546875, 0.0556640625, 0.052734375, 0.0498046875, 0.0634765625, 0.0751953125, 0.04296875, 0.041015625, 0.04296875, 0.0283203125, 0.0244140625, 0.017578125, 0.0205078125, 0.01953125, 0.0146484375, 0.013671875, 0.0087890625, 0.0078125, 0.00390625, 0.001953125, 0.001953125, 0.0029296875, 0.0, 0.0009765625, 0.0009765625, 0.0009765625]",0.09801184852306033,3.178853750228882,-0.029256355731135386,0.006177871488034725,-3.6484129428863525,-2.9637483088970185,-2.3305662441253663,-0.6941152960062027,-1.6816417694091796,0.006177871488034725,0.5898867249488831,1.6110892951488496,2.1387954878807065,2.913660175800324,-0.6941152960062027,0.5898867249488831,-0.045889121659072024,0.9833217416505118
0.4854897345895317,2.794323682785034,0.36670450852590203,0.6069987796459205,0.605561316900198,8,2,31.50769230769231,1.015625,1,1,512,0,16384,1,520,2,"gaussian_(4096,)_global_k2",,percentile,20,42,<class 'numpy.float32'>,custom,"(4096,)",0.0001,0.016625039279460907,"[7.139786720275879, 0.37169650197029114, 0.36842143535614014, 0.3674720227718353, 0.3669591546058655, 0.36676764488220215, 0.366704523563385]",a67b28e9,13.382332981564105,,17.924999992828816,2026-10-02T09:52:30.685870,33.83645799476653,0.0985498613988689,0.25583207607269287,0.013134370962234581,0.11487732978943566,0.11460528330855686,4.125,7.757575757575758,64,4.125,2112,2048,4096,"[-3.6484129428863525, -3.5118676090240477, -3.3753222751617433, -3.2387769412994385, -3.1022316074371337, -2.9656862735748293, -2.8291409397125244, -2.6925956058502196, -2.556050271987915, -2.4195049381256104, -2.2829596042633056, -2.146414270401001, -2.0098689365386964, -1.8733236026763915, -1.736778268814087, -1.6002329349517823, -1.4636876010894775, -1.3271422672271727, -1.1905969333648683, -1.0540515995025634, -0.9175062656402586, -0.7809609317779542, -0.6444155979156494, -0.5078702640533446, -0.3713249301910402, -0.23477959632873535, -0.09823426246643052, 0.03831107139587431, 0.1748564052581787, 0.3114017391204835, 0.4479470729827879, 0.5844924068450927, 0.7210377407073976, 0.8575830745697024, 0.9941284084320072, 1.130673742294312, 1.267219076156616, 1.4037644100189208, 1.5403097438812257, 1.6768550777435305, 1.8134004116058353, 1.9499457454681401, 2.086491079330444, 2.223036413192749, 2.3595817470550537, 2.4961270809173586, 2.6326724147796634, 2.7692177486419682, 2.905763082504272, 3.042308416366577, 3.178853750228882]",50,"[1, 0, 0, 0, 2, 6, 6, 7, 6, 19, 22, 23, 39, 50, 58, 76, 84, 97, 124, 132, 165, 169, 168, 203, 221, 213, 233, 217, 234, 231, 196, 173, 169, 133, 123, 98, 78, 81, 56, 43, 36, 28, 14, 18, 17, 7, 6, 8, 3, 3]","[0.000244140625, 0.0, 0.0, 0.0, 0.00048828125, 0.00146484375, 0.00146484375, 0.001708984375, 0.00146484375, 0.004638671875, 0.00537109375, 0.005615234375, 0.009521484375, 0.01220703125, 0.01416015625, 0.0185546875, 0.0205078125, 0.023681640625, 0.0302734375, 0.0322265625, 0.040283203125, 0.041259765625, 0.041015625, 0.049560546875, 0.053955078125, 0.052001953125, 0.056884765625, 0.052978515625, 0.05712890625, 0.056396484375, 0.0478515625, 0.042236328125, 0.041259765625, 0.032470703125, 0.030029296875, 0.02392578125, 0.01904296875, 0.019775390625, 0.013671875, 0.010498046875, 0.0087890625, 0.0068359375, 0.00341796875, 0.00439453125, 0.004150390625, 0.001708984375, 0.00146484375, 0.001953125, 0.000732421875, 0.000732421875]",-0.005722972122740089,3.178853750228882,-0.019380560756939502,-0.0019191266037523746,-3.6484129428863525,-2.953241539001465,-2.3274256110191347,-0.6906895935535431,-1.685815006494522,-0.0019191266037523746,0.634820744395256,1.606846809387207,2.3826651573181157,2.9142083442211155,-0.6906895935535431,0.634820744395256,0.004204069751656325,0.9974435856970041
0.2746757835003102,2.1110124588012695,0.11623274371351178,0.34173852292599727,0.3409292356391745,16,4,15.753846153846155,2.03125,1,2,1024,0,16384,2,1040,4,"gaussian_(4096,)_global_k4",,percentile,20,42,<class 'numpy.float32'>,custom,"(4096,)",0.0001,0.0160830095410347,"[0.3779422640800476, 0.18563729524612427, 0.14120669662952423, 0.12505480647087097, 0.11963437497615814, 0.11760132014751434, 0.11689368635416031, 0.11659012734889984, 0.11643760651350021, 0.11631794273853302, 0.1162327453494072]",0f466942,22.37258298555389,,17.793416045606136,2026-10-02T09:52:30.728840,42.92049998184666,0.0985498613988689,0.25583207607269287,0.013134370962234581,0.11487732978943566,0.11460528330855686,4.125,7.757575757575758,64,4.125,2112,2048,4096,"[-3.6484129428863525, -3.5118676090240477, -3.3753222751617433, -3.2387769412994385, -3.1022316074371337, -2.9656862735748293, -2.8291409397125244, -2.6925956058502196, -2.556050271987915, -2.4195049381256104, -2.2829596042633056, -2.146414270401001, -2.0098689365386964, -1.8733236026763915, -1.736778268814087, -1.6002329349517823, -1.4636876010894775, -1.3271422672271727, -1.1905969333648683, -1.0540515995025634, -0.9175062656402586, -0.7809609317779542, -0.6444155979156494, -0.5078702640533446, -0.3713249301910402, -0.23477959632873535, -0.09823426246643052, 0.03831107139587431, 0.1748564052581787, 0.3114017391204835, 0.4479470729827879, 0.5844924068450927, 0.7210377407073976, 0.8575830745697024, 0.9941284084320072, 1.130673742294312, 1.267219076156616, 1.4037644100189208, 1.5403097438812257, 1.6768550777435305, 1.8134004116058353, 1.9499457454681401, 2.086491079330444, 2.223036413192749, 2.3595817470550537, 2.4961270809173586, 2.6326724147796634, 2.7692177486419682, 2.905763082504272, 3.042308416366577, 3.178853750228882]",50,"[1, 0, 0, 0, 2, 6, 6, 7, 6, 19, 22, 23, 39, 50, 58, 76, 84, 97, 124, 132, 165, 169, 168, 203, 221, 213, 233, 217, 234, 231, 196, 173, 169, 133, 123, 98, 78, 81, 56, 43, 36, 28, 14, 18, 17, 7, 6, 8, 3, 3]","[0.000244140625, 0.0, 0.0, 0.0, 0.00048828125, 0.00146484375, 0.00146484375, 0.001708984375, 0.00146484375, 0.004638671875, 0.00537109375, 0.005615234375, 0.009521484375, 0.01220703125, 0.01416015625, 0.0185546875, 0.0205078125, 0.023681640625, 0.0302734375, 0.0322265625, 0.040283203125, 0.041259765625, 0.041015625, 0.049560546875, 0.053955078125, 0.052001953125, 0.056884765625, 0.052978515625, 0.05712890625, 0.056396484375, 0.0478515625, 0.042236328125, 0.041259765625, 0.032470703125, 0.030029296875, 0.02392578125, 0.01904296875, 0.019775390625, 0.013671875, 0.010498046875, 0.0087890625, 0.0068359375, 0.00341796875, 0.00439453125, 0.004150390625, 0.001708984375, 0.00146484375, 0.001953125, 0.000732421875, 0.000732421875]",-0.005722972122740089,3.178853750228882,-0.019380560756939502,-0.0019191266037523746,-3.6484129428863525,-2.953241539001465,-2.3274256110191347,-0.6906895935535431,-1.685815006494522,-0.0019191266037523746,0.634820744395256,1.606846809387207,2.3826651573181157,2.9142083442211155,-0.6906895935535431,0.634820744395256,0.004204069751656325,0.9974435856970041
0.14832000872781848,1.5214786529541016,0.033413701893755844,0.18322806280463308,0.18279415169462027,32,8,10.448979591836734,3.0625,1,3,1536,0,16384,3,1568,8,"gaussian_(4096,)_global_k8",,percentile,20,42,<class 'numpy.float32'>,custom,"(4096,)",0.0001,0.01575000351294875,"[0.10119114816188812, 0.04438216984272003, 0.036809299141168594, 0.0345621295273304, 0.03385773301124573, 0.03358689695596695, 0.033467408269643784, 0.03341370075941086]",2975acb9,16.28379203611985,,17.636541975662112,2026-10-02T09:52:30.765443,36.560915992595255,0.0985498613988689,0.25583207607269287,0.013134370962234581,0.11487732978943566,0.11460528330855686,4.125,7.757575757575758,64,4.125,2112,2048,4096,"[-3.6484129428863525, -3.5118676090240477, -3.3753222751617433, -3.2387769412994385, -3.1022316074371337, -2.9656862735748293, -2.8291409397125244, -2.6925956058502196, -2.556050271987915, -2.4195049381256104, -2.2829596042633056, -2.146414270401001, -2.0098689365386964, -1.8733236026763915, -1.736778268814087, -1.6002329349517823, -1.4636876010894775, -1.3271422672271727, -1.1905969333648683, -1.0540515995025634, -0.9175062656402586, -0.7809609317779542, -0.6444155979156494, -0.5078702640533446, -0.3713249301910402, -0.23477959632873535, -0.09823426246643052, 0.03831107139587431, 0.1748564052581787, 0.3114017391204835, 0.4479470729827879, 0.5844924068450927, 0.7210377407073976, 0.8575830745697024, 0.9941284084320072, 1.130673742294312, 1.267219076156616, 1.4037644100189208, 1.5403097438812257, 1.6768550777435305, 1.8134004116058353, 1.9499457454681401, 2.086491079330444, 2.223036413192749, 2.3595817470550537, 2.4961270809173586, 2.6326724147796634, 2.7692177486419682, 2.905763082504272, 3.042308416366577, 3.178853750228882]",50,"[1, 0, 0, 0, 2, 6, 6, 7, 6, 19, 22, 23, 39, 50, 58, 76, 84, 97, 124, 132, 165, 169, 168, 203, 221, 213, 233, 217, 234, 231, 196, 173, 169, 133, 123, 98, 78, 81, 56, 43, 36, 28, 14, 18, 17, 7, 6, 8, 3, 3]","[0.000244140625, 0.0, 0.0, 0.0, 0.00048828125, 0.00146484375, 0.00146484375, 0.001708984375, 0.00146484375, 0.004638671875, 0.00537109375, 0.005615234375, 0.009521484375, 0.01220703125, 0.01416015625, 0.0185546875, 0.0205078125, 0.023681640625, 0.0302734375, 0.0322265625, 0.040283203125, 0.041259765625, 0.041015625, 0.049560546875, 0.053955078125, 0.052001953125, 0.056884765625, 0.052978515625, 0.05712890625, 0.056396484375, 0.0478515625, 0.042236328125, 0.041259765625, 0.032470703125, 0.030029296875, 0.02392578125, 0.01904296875, 0.019775390625, 0.013671875, 0.010498046875, 0.0087890625, 0.0068359375, 0.00341796875, 0.00439453125, 0.004150390625, 0.001708984375, 0.00146484375, 0.001953125, 0.000732421875, 0.000732421875]",-0.005722972122740089,3.178853750228882,-0.019380560756939502,-0.0019191266037523746,-3.6484129428863525,-2.953241539001465,-2.3274256110191347,-0.6906895935535431,-1.685815006494522,-0.0019191266037523746,0.634820744395256,1.606846809387207,2.3826651573181157,2.9142083442211155,-0.6906895935535431,0.634820744395256,0.004204069751656325,0.9974435856970041
0.07454681384940542,1.2396736145019531,0.00995535263518172,0.10001335984980565,0.09977651344470662,64,16,7.757575757575758,4.125,1,4,2048,0,16384,4,2112,16,"gaussian_(4096,)_global_k16",,percentile,20,42,<class 'numpy.float32'>,custom,"(4096,)",0.0001,0.018000020645558834,"[0.03164313733577728, 0.014486970379948616, 0.012219555675983429, 0.011544960550963879, 0.011214104481041431, 0.011009998619556427, 0.01082979328930378, 0.0106686195358634, 0.010505683720111847, 0.010315712541341782, 0.010161681100726128, 0.010050034150481224, 0.009955352172255516]",9fa48b15,26.644667028449476,,18.868333019781858,2026-10-02T09:52:30.813931,48.439082980621606,0.0985498613988689,0.25583207607269287,0.013134370962234581,0.11487732978943566,0.11460528330855686,4.125,7.757575757575758,64,4.125,2112,2048,4096,"[-3.6484129428863525, -3.5118676090240477, -3.3753222751617433, -3.2387769412994385, -3.1022316074371337, -2.9656862735748293, -2.8291409397125244, -2.6925956058502196, -2.556050271987915, -2.4195049381256104, -2.2829596042633056, -2.146414270401001, -2.0098689365386964, -1.8733236026763915, -1.736778268814087, -1.6002329349517823, -1.4636876010894775, -1.3271422672271727, -1.1905969333648683, -1.0540515995025634, -0.9175062656402586, -0.7809609317779542, -0.6444155979156494, -0.5078702640533446, -0.3713249301910402, -0.23477959632873535, -0.09823426246643052, 0.03831107139587431, 0.1748564052581787, 0.3114017391204835, 0.4479470729827879, 0.5844924068450927, 0.7210377407073976, 0.8575830745697024, 0.9941284084320072, 1.130673742294312, 1.267219076156616, 1.4037644100189208, 1.5403097438812257, 1.6768550777435305, 1.8134004116058353, 1.9499457454681401, 2.086491079330444, 2.223036413192749, 2.3595817470550537, 2.4961270809173586, 2.6326724147796634, 2.7692177486419682, 2.905763082504272, 3.042308416366577, 3.178853750228882]",50,"[1, 0, 0, 0, 2, 6, 6, 7, 6, 19, 22, 23, 39, 50, 58, 76, 84, 97, 124, 132, 165, 169, 168, 203, 221, 213, 233, 217, 234, 231, 196, 173, 169, 133, 123, 98, 78, 81, 56, 43, 36, 28, 14, 18, 17, 7, 6, 8, 3, 3]","[0.000244140625, 0.0, 0.0, 0.0, 0.00048828125, 0.00146484375, 0.00146484375, 0.001708984375, 0.00146484375, 0.004638671875, 0.00537109375, 0.005615234375, 0.009521484375, 0.01220703125, 0.01416015625, 0.0185546875, 0.0205078125, 0.023681640625, 0.0302734375, 0.0322265625, 0.040283203125, 0.041259765625, 0.041015625, 0.049560546875, 0.053955078125, 0.052001953125, 0.056884765625, 0.052978515625, 0.05712890625, 0.056396484375, 0.0478515625, 0.042236328125, 0.041259765625, 0.032470703125, 0.030029296875, 0.02392578125, 0.01904296875, 0.019775390625, 0.013671875, 0.010498046875, 0.0087890625, 0.0068359375, 0.00341796875, 0.00439453125, 0.004150390625, 0.001708984375, 0.00146484375, 0.001953125, 0.000732421875, 0.000732421875]",-0.005722972122740089,3.178853750228882,-0.019380560756939502,-0.0019191266037523746,-3.6484129428863525,-2.953241539001465,-2.3274256110191347,-0.6906895935535431,-1.685815006494522,-0.0019191266037523746,0.634820744395256,1.606846809387207,2.3826651573181157,2.9142083442211155,-0.6906895935535431,0.634820744395256,0.004204069751656325,0.9974435856970041
0.041085641236872306,0.9034266471862793,0.0041283535707525385,0.06440478514399235,0.06425226510211557,128,32,6.095238095238095,5.25,1,5,2560,0,16384,5,2688,32,"gaussian_(4096,)_global_k32",,percentile,20,42,<class 'numpy.float32'>,custom,"(4096,)",0.0001,0.018667022231966257,"[0.011363836005330086, 0.005099281668663025, 0.004404349252581596, 0.004222092684358358, 0.0041283536702394485]",a45b0fc2,11.633582995273173,,19.806708034593612,2026-10-02T09:52:30.848922,34.93020898895338,0.0985498613988689,0.25583207607269287,0.013134370962234581,0.11487732978943566,0.11460528330855686,4.125,7.757575757575758,64,4.125,2112,2048,4096,"[-3.6484129428863525, -3.5118676090240477, -3.3753222751617433, -3.2387769412994385, -3.1022316074371337, -2.9656862735748293, -2.8291409397125244, -2.6925956058502196, -2.556050271987915, -2.4195049381256104, -2.2829596042633056, -2.146414270401001, -2.0098689365386964, -1.8733236026763915, -1.736778268814087, -1.6002329349517823, -1.4636876010894775, -1.3271422672271727, -1.1905969333648683, -1.0540515995025634, -0.9175062656402586, -0.7809609317779542, -0.6444155979156494, -0.5078702640533446, -0.3713249301910402, -0.23477959632873535, -0.09823426246643052, 0.03831107139587431, 0.1748564052581787, 0.3114017391204835, 0.4479470729827879, 0.5844924068450927, 0.7210377407073976, 0.8575830745697024, 0.9941284084320072, 1.130673742294312, 1.267219076156616, 1.4037644100189208, 1.5403097438812257, 1.6768550777435305, 1.8134004116058353, 1.9499457454681401, 2.086491079330444, 2.223036413192749, 2.3595817470550537, 2.4961270809173586, 2.6326724147796634, 2.7692177486419682, 2.905763082504272, 3.042308416366577, 3.178853750228882]",50,"[1, 0, 0, 0, 2, 6, 6, 7, 6, 19, 22, 23, 39, 50, 58, 76, 84, 97, 124, 132, 165, 169, 168, 203, 221, 213, 233, 217, 234, 231, 196, 173, 169, 133, 123, 98, 78, 81, 56, 43, 36, 28, 14, 18, 17, 7, 6, 8, 3, 3]","[0.000244140625, 0.0, 0.0, 0.0, 0.00048828125, 0.00146484375, 0.00146484375, 0.001708984375, 0.00146484375, 0.004638671875, 0.00537109375, 0.005615234375, 0.009521484375, 0.01220703125, 0.01416015625, 0.0185546875, 0.0205078125, 0.023681640625, 0.0302734375, 0.0322265625, 0.040283203125, 0.041259765625, 0.041015625, 0.049560546875, 0.053955078125, 0.052001953125, 0.056884765625, 0.052978515625, 0.05712890625, 0.056396484375, 0.0478515625, 0.042236328125, 0.041259765625, 0.032470703125, 0.030029296875, 0.02392578125, 0.01904296875, 0.019775390625, 0.013671875, 0.010498046875, 0.0087890625, 0.0068359375, 0.00341796875, 0.00439453125, 0.004150390625, 0.001708984375, 0.00146484375, 0.001953125, 0.000732421875, 0.000732421875]",-0.005722972122740089,3.178853750228882,-0.019380560756939502,-0.0019191266037523746,-3.6484129428863525,-2.953241539001465,-2.3274256110191347,-0.6906895935535431,-1.685815006494522,-0.0019191266037523746,0.634820744395256,1.606846809387207,2.3826651573181157,2.9142083442211155,-0.6906895935535431,0.634820744395256,0.004204069751656325,0.9974435856970041
0.47800955113349275,2.7037323117256165,0.356253371567396,0.5982864744177413,0.5968696436973454,256,2,21.333333333333332,1.5,32,1,512,0,16384,1,768,2,"gaussian_(4096,)_group128_k2",128,percentile,20,42,<class 'numpy.float32'>,custom,"(4096,)",0.0001,0.06091699469834566,"[2.1519527435302734, 0.20599013566970825, 0.2027163803577423, 0.20240630209445953, 0.20230095088481903, 0.20230095088481903]",9c6a50af,20.489082962740213,,20.601500000339,2026-10-02T09:52:30.893532,44.53620797721669,0.0985498613988689,0.25583207607269287,0.013134370962234581,0.11487732978943566,0.11460528330855686,4.125,7.757575757575758,64,4.125,2112,2048,4096,"[-3.6484129428863525, -3.5118676090240477, -3.3753222751617433, -3.2387769412994385, -3.1022316074371337, -2.9656862735748293, -2.8291409397125244, -2.6925956058502196, -2.556050271987915, -2.4195049381256104, -2.2829596042633056, -2.146414270401001, -2.0098689365386964, -1.8733236026763915, -1.736778268814087, -1.6002329349517823, -1.4636876010894775, -1.3271422672271727, -1.1905969333648683, -1.0540515995025634, -0.9175062656402586, -0.7809609317779542, -0.6444155979156494, -0.5078702640533446, -0.3713249301910402, -0.23477959632873535, -0.09823426246643052, 0.03831107139587431, 0.1748564052581787, 0.3114017391204835, 0.4479470729827879, 0.5844924068450927, 0.7210377407073976, 0.8575830745697024, 0.9941284084320072, 1.130673742294312, 1.267219076156616, 1.4037644100189208, 1.5403097438812257, 1.6768550777435305, 1.8134004116058353, 1.9499457454681401, 2.086491079330444, 2.223036413192749, 2.3595817470550537, 2.4961270809173586, 2.6326724147796634, 2.7692177486419682, 2.905763082504272, 3.042308416366577, 3.178853750228882]",50,"[1, 0, 0, 0, 2, 6, 6, 7, 6, 19, 22, 23, 39, 50, 58, 76, 84, 97, 124, 132, 165, 169, 168, 203, 221, 213, 233, 217, 234, 231, 196, 173, 169, 133, 123, 98, 78, 81, 56, 43, 36, 28, 14, 18, 17, 7, 6, 8, 3, 3]","[0.000244140625, 0.0, 0.0, 0.0, 0.00048828125, 0.00146484375, 0.00146484375, 0.001708984375, 0.00146484375, 0.004638671875, 0.00537109375, 0.005615234375, 0.009521484375, 0.01220703125, 0.01416015625, 0.0185546875, 0.0205078125, 0.023681640625, 0.0302734375, 0.0322265625, 0.040283203125, 0.041259765625, 0.041015625, 0.049560546875, 0.053955078125, 0.052001953125, 0.056884765625, 0.052978515625, 0.05712890625, 0.056396484375, 0.0478515625, 0.042236328125, 0.041259765625, 0.032470703125, 0.030029296875, 0.02392578125, 0.01904296875, 0.019775390625, 0.013671875, 0.010498046875, 0.0087890625, 0.0068359375, 0.00341796875, 0.00439453125, 0.004150390625, 0.001708984375, 0.00146484375, 0.001953125, 0.000732421875, 0.000732421875]",-0.005722972122740089,3.178853750228882,-0.019380560756939502,-0.0019191266037523746,-3.6484129428863525,-2.953241539001465,-2.3274256110191347,-0.6906895935535431,-1.685815006494522,-0.0019191266037523746,0.634820744395256,1.606846809387207,2.3826651573181157,2.9142083442211155,-0.6906895935535431,0.634820744395256,0.004204069751656325,0.9974435856970041
0.27022795728892746,1.817383050918579,0.10841435256436165,0.33004494351049557,0.3292633483465198,512,4,10.666666666666666,3.0,32,2,1024,0,16384,2,1536,4,"gaussian_(4096,)_group128_k4",128,percentile,20,42,<class 'numpy.float32'>,custom,"(4096,)",0.0001,0.06508303340524435,"[0.14049473404884338, 0.07860587537288666, 0.07415448129177094, 0.0714247077703476, 0.06972616910934448, 0.06724417209625244, 0.06616318225860596, 0.0657530426979065, 0.0656968206167221]",8c205039,33.92837499268353,,22.87433296442032,2026-10-02T09:52:30.954306,60.67149998852983,0.0985498613988689,0.25583207607269287,0.013134370962234581,0.11487732978943566,0.11460528330855686,4.125,7.757575757575758,64,4.125,2112,2048,4096,"[-3.6484129428863525, -3.5118676090240477, -3.3753222751617433, -3.2387769412994385, -3.1022316074371337, -2.9656862735748293, -2.8291409397125244, -2.6925956058502196, -2.556050271987915, -2.4195049381256104, -2.2829596042633056, -2.146414270401001, -2.0098689365386964, -1.8733236026763915, -1.736778268814087, -1.6002329349517823, -1.4636876010894775, -1.3271422672271727, -1.1905969333648683, -1.0540515995025634, -0.9175062656402586, -0.7809609317779542, -0.6444155979156494, -0.5078702640533446, -0.3713249301910402, -0.23477959632873535, -0.09823426246643052, 0.03831107139587431, 0.1748564052581787, 0.3114017391204835, 0.4479470729827879, 0.5844924068450927, 0.7210377407073976, 0.8575830745697024, 0.9941284084320072, 1.130673742294312, 1.267219076156616, 1.4037644100189208, 1.5403097438812257, 1.6768550777435305, 1.8134004116058353, 1.9499457454681401, 2.086491079330444, 2.223036413192749, 2.3595817470550537, 2.4961270809173586, 2.6326724147796634, 2.7692177486419682, 2.905763082504272, 3.042308416366577, 3.178853750228882]",50,"[1, 0, 0, 0, 2, 6, 6, 7, 6, 19, 22, 23, 39, 50, 58, 76, 84, 97, 124, 132, 165, 169, 168, 203, 221, 213, 233, 217, 234, 231, 196, 173, 169, 133, 123, 98, 78, 81, 56, 43, 36, 28, 14, 18, 17, 7, 6, 8, 3, 3]","[0.000244140625, 0.0, 0.0, 0.0, 0.00048828125, 0.00146484375, 0.00146484375, 0.001708984375, 0.00146484375, 0.004638671875, 0.00537109375, 0.005615234375, 0.009521484375, 0.01220703125, 0.01416015625, 0.0185546875, 0.0205078125, 0.023681640625, 0.0302734375, 0.0322265625, 0.040283203125, 0.041259765625, 0.041015625, 0.049560546875, 0.053955078125, 0.052001953125, 0.056884765625, 0.052978515625, 0.05712890625, 0.056396484375, 0.0478515625, 0.042236328125, 0.041259765625, 0.032470703125, 0.030029296875, 0.02392578125, 0.01904296875, 0.019775390625, 0.013671875, 0.010498046875, 0.0087890625, 0.0068359375, 0.00341796875, 0.00439453125, 0.004150390625, 0.001708984375, 0.00146484375, 0.001953125, 0.000732421875, 0.000732421875]",-0.005722972122740089,3.178853750228882,-0.019380560756939502,-0.0019191266037523746,-3.6484129428863525,-2.953241539001465,-2.3274256110191347,-0.6906895935535431,-1.685815006494522,-0.0019191266037523746,0.634820744395256,1.606846809387207,2.3826651573181157,2.9142083442211155,-0.6906895935535431,0.634820744395256,0.004204069751656325,0.9974435856970041
0.13113494932419556,0.8837916851043701,0.02698132789187522,0.1646498551802639,0.16425994000934988,1024,8,6.4,5.0,32,3,1536,0,16384,3,2560,8,"gaussian_(4096,)_group128_k8",128,percentile,20,42,<class 'numpy.float32'>,custom,"(4096,)",0.0001,0.05583401070907712,"[0.03672603517770767, 0.019470088183879852, 0.018288712948560715, 0.017947588115930557, 0.017844118177890778, 0.017844118177890778]",81581903,31.02516697254032,,19.56691703526303,2026-10-02T09:52:31.008864,54.45875000441447,0.0985498613988689,0.25583207607269287,0.013134370962234581,0.11487732978943566,0.11460528330855686,4.125,7.757575757575758,64,4.125,2112,2048,4096,"[-3.6484129428863525, -3.5118676090240477, -3.3753222751617433, -3.2387769412994385, -3.1022316074371337, -2.9656862735748293, -2.8291409397125244, -2.6925956058502196, -2.556050271987915, -2.4195049381256104, -2.2829596042633056, -2.146414270401001, -2.0098689365386964, -1.8733236026763915, -1.736778268814087, -1.6002329349517823, -1.4636876010894775, -1.3271422672271727, -1.1905969333648683, -1.0540515995025634, -0.9175062656402586, -0.7809609317779542, -0.6444155979156494, -0.5078702640533446, -0.3713249301910402, -0.23477959632873535, -0.09823426246643052, 0.03831107139587431, 0.1748564052581787, 0.3114017391204835, 0.4479470729827879, 0.5844924068450927, 0.7210377407073976, 0.8575830745697024, 0.9941284084320072, 1.130673742294312, 1.267219076156616, 1.4037644100189208, 1.5403097438812257, 1.6768550777435305, 1.8134004116058353, 1.9499457454681401, 2.086491079330444, 2.223036413192749, 2.3595817470550537, 2.4961270809173586, 2.6326724147796634, 2.7692177486419682, 2.905763082504272, 3.042308416366577, 3.178853750228882]",50,"[1, 0, 0, 0, 2, 6, 6, 7, 6, 19, 22, 23, 39, 50, 58, 76, 84, 97, 124, 132, 165, 169, 168, 203, 221, 213, 233, 217, 234, 231, 196, 173, 169, 133, 123, 98, 78, 81, 56, 43, 36, 28, 14, 18, 17, 7, 6, 8, 3, 3]","[0.000244140625, 0.0, 0.0, 0.0, 0.00048828125, 0.00146484375, 0.00146484375, 0.001708984375, 0.00146484375, 0.004638671875, 0.00537109375, 0.005615234375, 0.009521484375, 0.01220703125, 0.01416015625, 0.0185546875, 0.0205078125, 0.023681640625, 0.0302734375, 0.0322265625, 0.040283203125, 0.041259765625, 0.041015625, 0.049560546875, 0.053955078125, 0.052001953125, 0.056884765625, 0.052978515625, 0.05712890625, 0.056396484375, 0.0478515625, 0.042236328125, 0.041259765625, 0.032470703125, 0.030029296875, 0.02392578125, 0.01904296875, 0.019775390625, 0.013671875, 0.010498046875, 0.0087890625, 0.0068359375, 0.00341796875, 0.00439453125, 0.004150390625, 0.001708984375, 0.00146484375, 0.001953125, 0.000732421875, 0.000732421875]",-0.005722972122740089,3.178853750228882,-0.019380560756939502,-0.0019191266037523746,-3.6484129428863525,-2.953241539001465,-2.3274256110191347,-0.6906895935535431,-1.685815006494522,-0.0019191266037523746,0.634820744395256,1.606846809387207,2.3826651573181157,2.9142083442211155,-0.6906895935535431,0.634820744395256,0.004204069751656325,0.9974435856970041
0.06271122119933281,0.4526994228363037,0.007297691824638829,0.08562931166556789,0.08542652881066179,2048,16,4.0,8.0,32,4,2048,0,16384,4,4096,16,"gaussian_(4096,)_group128_k16",128,percentile,20,42,<class 'numpy.float32'>,custom,"(4096,)",0.0001,0.06299995584413409,"[0.011584341526031494, 0.00613667257130146, 0.005659941583871841, 0.005581673234701157]",676019ea,27.593041013460606,,21.16299996851012,2026-10-02T09:52:31.061397,52.41287499666214,0.0985498613988689,0.25583207607269287,0.013134370962234581,0.11487732978943566,0.11460528330855686,4.125,7.757575757575758,64,4.125,2112,2048,4096,"[-3.6484129428863525, -3.5118676090240477, -3.3753222751617433, -3.2387769412994385, -3.1022316074371337, -2.9656862735748293, -2.8291409397125244, -2.6925956058502196, -2.556050271987915, -2.4195049381256104, -2.2829596042633056, -2.146414270401001, -2.0098689365386964, -1.8733236026763915, -1.736778268814087, -1.6002329349517823, -1.4636876010894775, -1.3271422672271727, -1.1905969333648683, -1.0540515995025634, -0.9175062656402586, -0.7809609317779542, -0.6444155979156494, -0.5078702640533446, -0.3713249301910402, -0.23477959632873535, -0.09823426246643052, 0.03831107139587431, 0.1748564052581787, 0.3114017391204835, 0.4479470729827879, 0.5844924068450927, 0.7210377407073976, 0.8575830745697024, 0.9941284084320072, 1.130673742294312, 1.267219076156616, 1.4037644100189208, 1.5403097438812257, 1.6768550777435305, 1.8134004116058353, 1.9499457454681401, 2.086491079330444, 2.223036413192749, 2.3595817470550537, 2.4961270809173586, 2.6326724147796634, 2.7692177486419682, 2.905763082504272, 3.042308416366577, 3.178853750228882]",50,"[1, 0, 0, 0, 2, 6, 6, 7, 6, 19, 22, 23, 39, 50, 58, 76, 84, 97, 124, 132, 165, 169, 168, 203, 221, 213, 233, 217, 234, 231, 196, 173, 169, 133, 123, 98, 78, 81, 56, 43, 36, 28, 14, 18, 17, 7, 6, 8, 3, 3]","[0.000244140625, 0.0, 0.0, 0.0, 0.00048828125, 0.00146484375, 0.00146484375, 0.001708984375, 0.00146484375, 0.004638671875, 0.00537109375, 0.005615234375, 0.009521484375, 0.01220703125, 0.01416015625, 0.0185546875, 0.0205078125, 0.023681640625, 0.0302734375, 0.0322265625, 0.040283203125, 0.041259765625, 0.041015625, 0.049560546875, 0.053955078125, 0.052001953125, 0.056884765625, 0.052978515625, 0.05712890625, 0.056396484375, 0.0478515625, 0.042236328125, 0.041259765625, 0.032470703125, 0.030029296875, 0.02392578125, 0.01904296875, 0.019775390625, 0.013671875, 0.010498046875, 0.0087890625, 0.0068359375, 0.00341796875, 0.00439453125, 0.004150390625, 0.001708984375, 0.00146484375, 0.001953125, 0.000732421875, 0.000732421875]",-0.005722972122740089,3.178853750228882,-0.019380560756939502,-0.0019191266037523746,-3.6484129428863525,-2.953241539001465,-2.3274256110191347,-0.6906895935535431,-1.685815006494522,-0.0019191266037523746,0.634820744395256,1.606846809387207,2.3826651573181157,2.9142083442211155,-0.6906895935535431,0.634820744395256,0.004204069751656325,0.9974435856970041
0.028724218225466558,0.35890936851501465,0.0021099732658130307,0.04604348307581196,0.04593444530864644,4096,32,2.4615384615384617,13.0,32,5,2560,0,16384,5,6656,32,"gaussian_(4096,)_group128_k32",128,percentile,20,42,<class 'numpy.float32'>,custom,"(4096,)",0.0001,0.052250048611313105,"[0.0028104293160140514, 0.0017106598243117332, 0.001559596392326057, 0.0015348965534940362]",2eadf545,19.47162498254329,,17.83708401490003,2026-10-02T09:52:31.102153,40.661999955773354,0.0985498613988689,0.25583207607269287,0.013134370962234581,0.11487732978943566,0.11460528330855686,4.125,7.757575757575758,64,4.125,2112,2048,4096,"[-3.6484129428863525, -3.5118676090240477, -3.3753222751617433, -3.2387769412994385, -3.1022316074371337, -2.9656862735748293, -2.8291409397125244, -2.6925956058502196, -2.556050271987915, -2.4195049381256104, -2.2829596042633056, -2.146414270401001, -2.0098689365386964, -1.8733236026763915, -1.736778268814087, -1.6002329349517823, -1.4636876010894775, -1.3271422672271727, -1.1905969333648683, -1.0540515995025634, -0.9175062656402586, -0.7809609317779542, -0.6444155979156494, -0.5078702640533446, -0.3713249301910402, -0.23477959632873535, -0.09823426246643052, 0.03831107139587431, 0.1748564052581787, 0.3114017391204835, 0.4479470729827879, 0.5844924068450927, 0.7210377407073976, 0.8575830745697024, 0.9941284084320072, 1.130673742294312, 1.267219076156616, 1.4037644100189208, 1.5403097438812257, 1.6768550777435305, 1.8134004116058353, 1.9499457454681401, 2.086491079330444, 2.223036413192749, 2.3595817470550537, 2.4961270809173586, 2.6326724147796634, 2.7692177486419682, 2.905763082504272, 3.042308416366577, 3.178853750228882]",50,"[1, 0, 0, 0, 2, 6, 6, 7, 6, 19, 22, 23, 39, 50, 58, 76, 84, 97, 124, 132, 165, 169, 168, 203, 221, 213, 233, 217, 234, 231, 196, 173, 169, 133, 123, 98, 78, 81, 56, 43, 36, 28, 14, 18, 17, 7, 6, 8, 3, 3]","[0.000244140625, 0.0, 0.0, 0.0, 0.00048828125, 0.00146484375, 0.00146484375, 0.001708984375, 0.00146484375, 0.004638671875, 0.00537109375, 0.005615234375, 0.009521484375, 0.01220703125, 0.01416015625, 0.0185546875, 0.0205078125, 0.023681640625, 0.0302734375, 0.0322265625, 0.040283203125, 0.041259765625, 0.041015625, 0.049560546875, 0.053955078125, 0.052001953125, 0.056884765625, 0.052978515625, 0.05712890625, 0.056396484375, 0.0478515625, 0.042236328125, 0.041259765625, 0.032470703125, 0.030029296875, 0.02392578125, 0.01904296875, 0.019775390625, 0.013671875, 0.010498046875, 0.0087890625, 0.0068359375, 0.00341796875, 0.00439453125, 0.004150390625, 0.001708984375, 0.00146484375, 0.001953125, 0.000732421875, 0.000732421875]",-0.005722972122740089,3.178853750228882,-0.019380560756939502,-0.0019191266037523746,-3.6484129428863525,-2.953241539001465,-2.3274256110191347,-0.6906895935535431,-1.685815006494522,-0.0019191266037523746,0.634820744395256,1.606846809387207,2.3826651573181157,2.9142083442211155,-0.6906895935535431,0.634820744395256,0.004204069751656325,0.9974435856970041
0.48588934948204193,4.187081933021545,0.3682285773609439,0.6050967472891026,0.6068184055884791,8,2,31.968780487804878,1.0009765625,1,1,8192,0,262144,1,8200,2,"gaussian_(256, 256)_global_k2",,percentile,20,42,<class 'numpy.float32'>,custom,"(256, 256)",0.0001,0.139041047077626,"[15.302719116210938, 0.38109347224235535, 0.3732837736606598, 0.3702298104763031, 0.36902791261672974, 0.3685261011123657, 0.3683214783668518, 0.36822858452796936]",c157919a,246.12254096427932,,293.289375025779,2026-10-02T09:52:31.696083,576.5448329620995,0.10034966188892863,0.3574252128601074,0.01385675202315718,0.11738072723232712,0.11771470606155027,4.125,7.757575757575758,1024,4.125,33792,32768,65536,"[-4.3891143798828125, -4.2011873912811275, -4.013260402679443, -3.825333414077759, -3.6374064254760743, -3.4494794368743897, -3.261552448272705, -3.07362545967102, -2.885698471069336, -2.697771482467651, -2.509844493865967, -2.321917505264282, -2.1339905166625974, -1.9460635280609129, -1.7581365394592283, -1.5702095508575438, -1.3822825622558592, -1.1943555736541747, -1.00642858505249, -0.8185015964508056, -0.630574607849121, -0.44264761924743645, -0.25472063064575146, -0.06679364204406735, 0.12113334655761765, 0.30906033515930176, 0.49698732376098675, 0.6849143123626709, 0.8728413009643559, 1.06076828956604, 1.248695278167725, 1.436622266769409, 1.624549255371094, 1.812476243972779, 2.000403232574463, 2.188330221176148, 2.3762572097778323, 2.5641841983795173, 2.7521111869812014, 2.9400381755828864, 3.1279651641845705, 3.3158921527862555, 3.5038191413879396, 3.6917461299896246, 3.8796731185913096, 4.067600107192993, 4.255527095794678, 4.443454084396363, 4.631381072998048, 4.819308061599733, 5.007235050201416]",50,"[2, 0, 2, 4, 14, 20, 41, 55, 110, 170, 279, 400, 602, 899, 1269, 1617, 2169, 2664, 3177, 3810, 4258, 4624, 4900, 5037, 4714, 4562, 4069, 3505, 3078, 2456, 2023, 1554, 1090, 835, 587, 351, 248, 149, 90, 46, 27, 13, 5, 4, 1, 4, 1, 0, 0, 1]","[3.0517578125e-05, 0.0, 3.0517578125e-05, 6.103515625e-05, 0.000213623046875, 0.00030517578125, 0.0006256103515625, 0.0008392333984375, 0.001678466796875, 0.002593994140625, 0.0042572021484375, 0.006103515625, 0.009185791015625, 0.0137176513671875, 0.0193634033203125, 0.0246734619140625, 0.0330963134765625, 0.0406494140625, 0.0484771728515625, 0.058135986328125, 0.064971923828125, 0.070556640625, 0.07476806640625, 0.0768585205078125, 0.071929931640625, 0.069610595703125, 0.0620880126953125, 0.0534820556640625, 0.046966552734375, 0.0374755859375, 0.0308685302734375, 0.023712158203125, 0.016632080078125, 0.0127410888671875, 0.0089569091796875, 0.0053558349609375, 0.0037841796875, 0.0022735595703125, 0.001373291015625, 0.000701904296875, 0.0004119873046875, 0.0001983642578125, 7.62939453125e-05, 6.103515625e-05, 1.52587890625e-05, 6.103515625e-05, 1.52587890625e-05, 0.0, 0.0, 1.52587890625e-05]",0.027006836167576154,5.007235050201416,-0.0014755282097470013,-0.00541749456897378,-4.3891143798828125,-3.1457539594173434,-2.3439292192459105,-0.6743398904800415,-1.654022216796875,-0.00541749456897378,0.6689119637012482,1.6523294150829315,2.335608553886415,3.0842824935913384,-0.6743398904800415,0.6689119637012482,0.004146981255752205,1.0028441756996216
0.27690436650950384,3.4689321517944336,0.11872581803972473,0.3435885310228422,0.34456613014010057,16,4,15.984390243902439,2.001953125,1,2,16384,0,262144,2,16400,4,"gaussian_(256, 256)_global_k4",,percentile,20,42,<class 'numpy.float32'>,custom,"(256, 256)",0.0001,0.136166054289788,"[0.4730975925922394, 0.2547258734703064, 0.17871949076652527, 0.14200159907341003, 0.12718439102172852, 0.12175197899341583, 0.11983345448970795, 0.11912020295858383, 0.11886918544769287, 0.11876904964447021, 0.11872582137584686]",70e770b8,369.4815420312807,,288.807499979157,2026-10-02T09:52:32.392206,695.9909579600208,0.10034966188892863,0.3574252128601074,0.01385675202315718,0.11738072723232712,0.11771470606155027,4.125,7.757575757575758,1024,4.125,33792,32768,65536,"[-4.3891143798828125, -4.2011873912811275, -4.013260402679443, -3.825333414077759, -3.6374064254760743, -3.4494794368743897, -3.261552448272705, -3.07362545967102, -2.885698471069336, -2.697771482467651, -2.509844493865967, -2.321917505264282, -2.1339905166625974, -1.9460635280609129, -1.7581365394592283, -1.5702095508575438, -1.3822825622558592, -1.1943555736541747, -1.00642858505249, -0.8185015964508056, -0.630574607849121, -0.44264761924743645, -0.25472063064575146, -0.06679364204406735, 0.12113334655761765, 0.30906033515930176, 0.49698732376098675, 0.6849143123626709, 0.8728413009643559, 1.06076828956604, 1.248695278167725, 1.436622266769409, 1.624549255371094, 1.812476243972779, 2.000403232574463, 2.188330221176148, 2.3762572097778323, 2.5641841983795173, 2.7521111869812014, 2.9400381755828864, 3.1279651641845705, 3.3158921527862555, 3.5038191413879396, 3.6917461299896246, 3.8796731185913096, 4.067600107192993, 4.255527095794678, 4.443454084396363, 4.631381072998048, 4.819308061599733, 5.007235050201416]",50,"[2, 0, 2, 4, 14, 20, 41, 55, 110, 170, 279, 400, 602, 899, 1269, 1617, 2169, 2664, 3177, 3810, 4258, 4624, 4900, 5037, 4714, 4562, 4069, 3505, 3078, 2456, 2023, 1554, 1090, 835, 587, 351, 248, 149, 90, 46, 27, 13, 5, 4, 1, 4, 1, 0, 0, 1]","[3.0517578125e-05, 0.0, 3.0517578125e-05, 6.103515625e-05, 0.000213623046875, 0.00030517578125, 0.0006256103515625, 0.0008392333984375, 0.001678466796875, 0.002593994140625, 0.0042572021484375, 0.006103515625, 0.009185791015625, 0.0137176513671875, 0.0193634033203125, 0.0246734619140625, 0.0330963134765625, 0.0406494140625, 0.0484771728515625, 0.058135986328125, 0.064971923828125, 0.070556640625, 0.07476806640625, 0.0768585205078125, 0.071929931640625, 0.069610595703125, 0.0620880126953125, 0.0534820556640625, 0.046966552734375, 0.0374755859375, 0.0308685302734375, 0.023712158203125, 0.016632080078125, 0.0127410888671875, 0.0089569091796875, 0.0053558349609375, 0.0037841796875, 0.0022735595703125, 0.001373291015625, 0.000701904296875, 0.0004119873046875, 0.0001983642578125, 7.62939453125e-05, 6.103515625e-05, 1.52587890625e-05, 6.103515625e-05, 1.52587890625e-05, 0.0, 0.0, 1.52587890625e-05]",0.027006836167576154,5.007235050201416,-0.0014755282097470013,-0.00541749456897378,-4.3891143798828125,-3.1457539594173434,-2.3439292192459105,-0.6743398904800415,-1.654022216796875,-0.00541749456897378,0.6689119637012482,1.6523294150829315,2.335608553886415,3.0842824935913384,-0.6743398904800415,0.6689119637012482,0.004146981255752205,1.0028441756996216
0.15175856012246508,2.8128578662872314,0.035226207272164245,0.18715395811677857,0.18768646001287426,32,8,10.652795838751626,3.00390625,1,3,24576,0,262144,3,24608,8,"gaussian_(256, 256)_global_k8",,percentile,20,42,<class 'numpy.float32'>,custom,"(256, 256)",0.0001,0.8668750524520874,"[0.13267946243286133, 0.061625637114048004, 0.043468624353408813, 0.0379188135266304, 0.036093007773160934, 0.03548983484506607, 0.03529300540685654, 0.035226207226514816]",bef19f6e,270.083750016056,,316.7041249689646,2026-10-02T09:52:33.018033,625.7399580208585,0.10034966188892863,0.3574252128601074,0.01385675202315718,0.11738072723232712,0.11771470606155027,4.125,7.757575757575758,1024,4.125,33792,32768,65536,"[-4.3891143798828125, -4.2011873912811275, -4.013260402679443, -3.825333414077759, -3.6374064254760743, -3.4494794368743897, -3.261552448272705, -3.07362545967102, -2.885698471069336, -2.697771482467651, -2.509844493865967, -2.321917505264282, -2.1339905166625974, -1.9460635280609129, -1.7581365394592283, -1.5702095508575438, -1.3822825622558592, -1.1943555736541747, -1.00642858505249, -0.8185015964508056, -0.630574607849121, -0.44264761924743645, -0.25472063064575146, -0.06679364204406735, 0.12113334655761765, 0.30906033515930176, 0.49698732376098675, 0.6849143123626709, 0.8728413009643559, 1.06076828956604, 1.248695278167725, 1.436622266769409, 1.624549255371094, 1.812476243972779, 2.000403232574463, 2.188330221176148, 2.3762572097778323, 2.5641841983795173, 2.7521111869812014, 2.9400381755828864, 3.1279651641845705, 3.3158921527862555, 3.5038191413879396, 3.6917461299896246, 3.8796731185913096, 4.067600107192993, 4.255527095794678, 4.443454084396363, 4.631381072998048, 4.819308061599733, 5.007235050201416]",50,"[2, 0, 2, 4, 14, 20, 41, 55, 110, 170, 279, 400, 602, 899, 1269, 1617, 2169, 2664, 3177, 3810, 4258, 4624, 4900, 5037, 4714, 4562, 4069, 3505, 3078, 2456, 2023, 1554, 1090, 835, 587, 351, 248, 149, 90, 46, 27, 13, 5, 4, 1, 4, 1, 0, 0, 1]","[3.0517578125e-05, 0.0, 3.0517578125e-05, 6.103515625e-05, 0.000213623046875, 0.00030517578125, 0.0006256103515625, 0.0008392333984375, 0.001678466796875, 0.002593994140625, 0.0042572021484375, 0.006103515625, 0.009185791015625, 0.0137176513671875, 0.0193634033203125, 0.0246734619140625, 0.0330963134765625, 0.0406494140625, 0.0484771728515625, 0.058135986328125, 0.064971923828125, 0.070556640625, 0.07476806640625, 0.0768585205078125, 0.071929931640625, 0.069610595703125, 0.0620880126953125, 0.0534820556640625, 0.046966552734375, 0.0374755859375, 0.0308685302734375, 0.023712158203125, 0.016632080078125, 0.0127410888671875, 0.0089569091796875, 0.0053558349609375, 0.0037841796875, 0.0022735595703125, 0.001373291015625, 0.000701904296875, 0.0004119873046875, 0.0001983642578125, 7.62939453125e-05, 6.103515625e-05, 1.52587890625e-05, 6.103515625e-05, 1.52587890625e-05, 0.0, 0.0, 1.52587890625e-05]",0.027006836167576154,5.007235050201416,-0.0014755282097470013,-0.00541749456897378,-4.3891143798828125,-3.1457539594173434,-2.3439292192459105,-0.6743398904800415,-1.654022216796875,-0.00541749456897378,0.6689119637012482,1.6523294150829315,2.335608553886415,3.0842824935913384,-0.6743398904800415,0.6689119637012482,0.004146981255752205,1.0028441756996216
0.07662375996518184,2.4302761554718018,0.010818167378482289,0.10371532238391964,0.10401041956689863,64,16,7.984405458089668,4.0078125,1,4,32768,0,262144,4,32832,16,"gaussian_(256, 256)_global_k16",,percentile,20,42,<class 'numpy.float32'>,custom,"(256, 256)",0.0001,0.16300001880154014,"[0.046158768236637115, 0.02169787324965, 0.015044527128338814, 0.012953398749232292, 0.012216178700327873, 0.011862827464938164, 0.011629967018961906, 0.011442931368947029, 0.011282674968242645, 0.011138095520436764, 0.01101374626159668, 0.010909372940659523, 0.010818167589604855]",c01b790b,496.9412089558318,,376.90416601253673,2026-10-02T09:52:33.952179,933.9119169744663,0.10034966188892863,0.3574252128601074,0.01385675202315718,0.11738072723232712,0.11771470606155027,4.125,7.757575757575758,1024,4.125,33792,32768,65536,"[-4.3891143798828125, -4.2011873912811275, -4.013260402679443, -3.825333414077759, -3.6374064254760743, -3.4494794368743897, -3.261552448272705, -3.07362545967102, -2.885698471069336, -2.697771482467651, -2.509844493865967, -2.321917505264282, -2.1339905166625974, -1.9460635280609129, -1.7581365394592283, -1.5702095508575438, -1.3822825622558592, -1.1943555736541747, -1.00642858505249, -0.8185015964508056, -0.630574607849121, -0.44264761924743645, -0.25472063064575146, -0.06679364204406735, 0.12113334655761765, 0.30906033515930176, 0.49698732376098675, 0.6849143123626709, 0.8728413009643559, 1.06076828956604, 1.248695278167725, 1.436622266769409, 1.624549255371094, 1.812476243972779, 2.000403232574463, 2.188330221176148, 2.3762572097778323, 2.5641841983795173, 2.7521111869812014, 2.9400381755828864, 3.1279651641845705, 3.3158921527862555, 3.5038191413879396, 3.6917461299896246, 3.8796731185913096, 4.067600107192993, 4.255527095794678, 4.443454084396363, 4.631381072998048, 4.819308061599733, 5.007235050201416]",50,"[2, 0, 2, 4, 14, 20, 41, 55, 110, 170, 279, 400, 602, 899, 1269, 1617, 2169, 2664, 3177, 3810, 4258, 4624, 4900, 5037, 4714, 4562, 4069, 3505, 3078, 2456, 2023, 1554, 1090, 835, 587, 351, 248, 149, 90, 46, 27, 13, 5, 4, 1, 4, 1, 0, 0, 1]","[3.0517578125e-05, 0.0, 3.0517578125e-05, 6.103515625e-05, 0.000213623046875, 0.00030517578125, 0.0006256103515625, 0.0008392333984375, 0.001678466796875, 0.002593994140625, 0.0042572021484375, 0.006103515625, 0.009185791015625, 0.0137176513671875, 0.0193634033203125, 0.0246734619140625, 0.0330963134765625, 0.0406494140625, 0.0484771728515625, 0.058135986328125, 0.064971923828125, 0.070556640625, 0.07476806640625, 0.0768585205078125, 0.071929931640625, 0.069610595703125, 0.0620880126953125, 0.0534820556640625, 0.046966552734375, 0.0374755859375, 0.0308685302734375, 0.023712158203125, 0.016632080078125, 0.0127410888671875, 0.0089569091796875, 0.0053558349609375, 0.0037841796875, 0.0022735595703125, 0.001373291015625, 0.000701904296875, 0.0004119873046875, 0.0001983642578125, 7.62939453125e-05, 6.103515625e-05, 1.52587890625e-05, 6.103515625e-05, 1.52587890625e-05, 0.0, 0.0, 1.52587890625e-05]",0.027006836167576154,5.007235050201416,-0.0014755282097470013,-0.00541749456897378,-4.3891143798828125,-3.1457539594173434,-2.3439292192459105,-0.6743398904800415,-1.654022216796875,-0.00541749456897378,0.6689119637012482,1.6523294150829315,2.335608553886415,3.0842824935913384,-0.6743398904800415,0.6689119637012482,0.004146981255752205,1.0028441756996216
0.04146806083348925,2.1973862648010254,0.004379792075046039,0.06599223240633055,0.0661799975449232,128,32,6.38006230529595,5.015625,1,5,40960,0,262144,5,41088,32,"gaussian_(256, 256)_global_k32",,percentile,20,42,<class 'numpy.float32'>,custom,"(256, 256)",0.0001,0.2334999735467136,"[0.017673257738351822, 0.00815649889409542, 0.005815254524350166, 0.005014878232032061, 0.004709876142442226, 0.004560970235615969, 0.004460809752345085, 0.0043797921389341354]",d53f4e20,522.1536669996567,,417.1236250549555,2026-10-02T09:52:34.945600,993.216292001307,0.10034966188892863,0.3574252128601074,0.01385675202315718,0.11738072723232712,0.11771470606155027,4.125,7.757575757575758,1024,4.125,33792,32768,65536,"[-4.3891143798828125, -4.2011873912811275, -4.013260402679443, -3.825333414077759, -3.6374064254760743, -3.4494794368743897, -3.261552448272705, -3.07362545967102, -2.885698471069336, -2.697771482467651, -2.509844493865967, -2.321917505264282, -2.1339905166625974, -1.9460635280609129, -1.7581365394592283, -1.5702095508575438, -1.3822825622558592, -1.1943555736541747, -1.00642858505249, -0.8185015964508056, -0.630574607849121, -0.44264761924743645, -0.25472063064575146, -0.06679364204406735, 0.12113334655761765, 0.30906033515930176, 0.49698732376098675, 0.6849143123626709, 0.8728413009643559, 1.06076828956604, 1.248695278167725, 1.436622266769409, 1.624549255371094, 1.812476243972779, 2.000403232574463, 2.188330221176148, 2.3762572097778323, 2.5641841983795173, 2.7521111869812014, 2.9400381755828864, 3.1279651641845705, 3.3158921527862555, 3.5038191413879396, 3.6917461299896246, 3.8796731185913096, 4.067600107192993, 4.255527095794678, 4.443454084396363, 4.631381072998048, 4.819308061599733, 5.007235050201416]",50,"[2, 0, 2, 4, 14, 20, 41, 55, 110, 170, 279, 400, 602, 899, 1269, 1617, 2169, 2664, 3177, 3810, 4258, 4624, 4900, 5037, 4714, 4562, 4069, 3505, 3078, 2456, 2023, 1554, 1090, 835, 587, 351, 248, 149, 90, 46, 27, 13, 5, 4, 1, 4, 1, 0, 0, 1]","[3.0517578125e-05, 0.0, 3.0517578125e-05, 6.103515625e-05, 0.000213623046875, 0.00030517578125, 0.0006256103515625, 0.0008392333984375, 0.001678466796875, 0.002593994140625, 0.0042572021484375, 0.006103515625, 0.009185791015625, 0.0137176513671875, 0.0193634033203125, 0.0246734619140625, 0.0330963134765625, 0.0406494140625, 0.0484771728515625, 0.058135986328125, 0.064971923828125, 0.070556640625, 0.07476806640625, 0.0768585205078125, 0.071929931640625, 0.069610595703125, 0.0620880126953125, 0.0534820556640625, 0.046966552734375, 0.0374755859375, 0.0308685302734375, 0.023712158203125, 0.016632080078125, 0.0127410888671875, 0.0089569091796875, 0.0053558349609375, 0.0037841796875, 0.0022735595703125, 0.001373291015625, 0.000701904296875, 0.0004119873046875, 0.0001983642578125, 7.62939453125e-05, 6.103515625e-05, 1.52587890625e-05, 6.103515625e-05, 1.52587890625e-05, 0.0, 0.0, 1.52587890625e-05]",0.027006836167576154,5.007235050201416,-0.0014755282097470013,-0.00541749456897378,-4.3891143798828125,-3.1457539594173434,-2.3439292192459105,-0.6743398904800415,-1.654022216796875,-0.00541749456897378,0.6689119637012482,1.6523294150829315,2.335608553886415,3.0842824935913384,-0.6743398904800415,0.6689119637012482,0.004146981255752205,1.0028441756996216
0.47846216714119943,4.17334645986557,0.3575253656831665,0.5962377963587081,0.5979342486286987,4096,2,21.333333333333332,1.5,512,1,8192,0,262144,1,12288,2,"gaussian_(256, 256)_group128_k2",128,percentile,20,42,<class 'numpy.float32'>,custom,"(256, 256)",0.0001,0.8213340188376606,"[2.1519527435302734, 0.20599013566970825, 0.2027163803577423, 0.20240630209445953, 0.20230095088481903, 0.20230095088481903]",555b0d77,375.09358301758766,,1196.626707969699,2026-10-02T09:52:36.577462,1631.650124967564,0.10034966188892863,0.3574252128601074,0.01385675202315718,0.11738072723232712,0.11771470606155027,4.125,7.757575757575758,1024,4.125,33792,32768,65536,"[-4.3891143798828125, -4.2011873912811275, -4.013260402679443, -3.825333414077759, -3.6374064254760743, -3.4494794368743897, -3.261552448272705, -3.07362545967102, -2.885698471069336, -2.697771482467651, -2.509844493865967, -2.321917505264282, -2.1339905166625974, -1.9460635280609129, -1.7581365394592283, -1.5702095508575438, -1.3822825622558592, -1.1943555736541747, -1.00642858505249, -0.8185015964508056, -0.630574607849121, -0.44264761924743645, -0.25472063064575146, -0.06679364204406735, 0.12113334655761765, 0.30906033515930176, 0.49698732376098675, 0.6849143123626709, 0.8728413009643559, 1.06076828956604, 1.248695278167725, 1.436622266769409, 1.624549255371094, 1.812476243972779, 2.000403232574463, 2.188330221176148, 2.3762572097778323, 2.5641841983795173, 2.7521111869812014, 2.9400381755828864, 3.1279651641845705, 3.3158921527862555, 3.5038191413879396, 3.6917461299896246, 3.8796731185913096, 4.067600107192993, 4.255527095794678, 4.443454084396363, 4.631381072998048, 4.819308061599733, 5.007235050201416]",50,"[2, 0, 2, 4, 14, 20, 41, 55, 110, 170, 279, 400, 602, 899, 1269, 1617, 2169, 2664, 3177, 3810, 4258, 4624, 4900, 5037, 4714, 4562, 4069, 3505, 3078, 2456, 2023, 1554, 1090, 835, 587, 351, 248, 149, 90, 46, 27, 13, 5, 4, 1, 4, 1, 0, 0, 1]","[3.0517578125e-05, 0.0, 3.0517578125e-05, 6.103515625e-05, 0.000213623046875, 0.00030517578125, 0.0006256103515625, 0.0008392333984375, 0.001678466796875, 0.002593994140625, 0.0042572021484375, 0.006103515625, 0.009185791015625, 0.0137176513671875, 0.0193634033203125, 0.0246734619140625, 0.0330963134765625, 0.0406494140625, 0.0484771728515625, 0.058135986328125, 0.064971923828125, 0.070556640625, 0.07476806640625, 0.0768585205078125, 0.071929931640625, 0.069610595703125, 0.0620880126953125, 0.0534820556640625, 0.046966552734375, 0.0374755859375, 0.0308685302734375, 0.023712158203125, 0.016632080078125, 0.0127410888671875, 0.0089569091796875, 0.0053558349609375, 0.0037841796875, 0.0022735595703125, 0.001373291015625, 0.000701904296875, 0.0004119873046875, 0.0001983642578125, 7.62939453125e-05, 6.103515625e-05, 1.52587890625e-05, 6.103515625e-05, 1.52587890625e-05, 0.0, 0.0, 1.52587890625e-05]",0.027006836167576154,5.007235050201416,-0.0014755282097470013,-0.00541749456897378,-4.3891143798828125,-3.1457539594173434,-2.3439292192459105,-0.6743398904800415,-1.654022216796875,-0.00541749456897378,0.6689119637012482,1.6523294150829315,2.335608553886415,3.0842824935913384,-0.6743398904800415,0.6689119637012482,0.004146981255752205,1.0028441756996216
0.27012380367618155,2.0195780992507935,0.10981132923433412,0.33043774339462184,0.3313779250860475,8192,4,10.666666666666666,3.0,512,2,16384,0,262144,2,24576,4,"gaussian_(256, 256)_group128_k4",128,percentile,20,42,<class 'numpy.float32'>,custom,"(256, 256)",0.0001,0.9495420381426811,"[0.14049473404884338, 0.07860587537288666, 0.07415448129177094, 0.0714247077703476, 0.06972616910934448, 0.06724417209625244, 0.06616318225860596, 0.0657530426979065, 0.0656968206167221]",f4b35b1d,1368.3959170011804,,300.8515420369804,2026-10-02T09:52:38.296217,1717.666874988936,0.10034966188892863,0.3574252128601074,0.01385675202315718,0.11738072723232712,0.11771470606155027,4.125,7.757575757575758,1024,4.125,33792,32768,65536,"[-4.3891143798828125, -4.2011873912811275, -4.013260402679443, -3.825333414077759, -3.6374064254760743, -3.4494794368743897, -3.261552448272705, -3.07362545967102, -2.885698471069336, -2.697771482467651, -2.509844493865967, -2.321917505264282, -2.1339905166625974, -1.9460635280609129, -1.7581365394592283, -1.5702095508575438, -1.3822825622558592, -1.1943555736541747, -1.00642858505249, -0.8185015964508056, -0.630574607849121, -0.44264761924743645, -0.25472063064575146, -0.06679364204406735, 0.12113334655761765, 0.30906033515930176, 0.49698732376098675, 0.6849143123626709, 0.8728413009643559, 1.06076828956604, 1.248695278167725, 1.436622266769409, 1.624549255371094, 1.812476243972779, 2.000403232574463, 2.188330221176148, 2.3762572097778323, 2.5641841983795173, 2.7521111869812014, 2.9400381755828864, 3.1279651641845705, 3.3158921527862555, 3.5038191413879396, 3.6917461299896246, 3.8796731185913096, 4.067600107192993, 4.255527095794678, 4.443454084396363, 4.631381072998048, 4.819308061599733, 5.007235050201416]",50,"[2, 0, 2, 4, 14, 20, 41, 55, 110, 170, 279, 400, 602, 899, 1269, 1617, 2169, 2664, 3177, 3810, 4258, 4624, 4900, 5037, 4714, 4562, 4069, 3505, 3078, 2456, 2023, 1554, 1090, 835, 587, 351, 248, 149, 90, 46, 27, 13, 5, 4, 1, 4, 1, 0, 0, 1]","[3.0517578125e-05, 0.0, 3.0517578125e-05, 6.103515625e-05, 0.000213623046875, 0.00030517578125, 0.0006256103515625, 0.0008392333984375, 0.001678466796875, 0.002593994140625, 0.0042572021484375, 0.006103515625, 0.009185791015625, 0.0137176513671875, 0.0193634033203125, 0.0246734619140625, 0.0330963134765625, 0.0406494140625, 0.0484771728515625, 0.058135986328125, 0.064971923828125, 0.070556640625, 0.07476806640625, 0.0768585205078125, 0.071929931640625, 0.069610595703125, 0.0620880126953125, 0.0534820556640625, 0.046966552734375, 0.0374755859375, 0.0308685302734375, 0.023712158203125, 0.016632080078125, 0.0127410888671875, 0.0089569091796875, 0.0053558349609375, 0.0037841796875, 0.0022735595703125, 0.001373291015625, 0.000701904296875, 0.0004119873046875, 0.0001983642578125, 7.62939453125e-05, 6.103515625e-05, 1.52587890625e-05, 6.103515625e-05, 1.52587890625e-05, 0.0, 0.0, 1.52587890625e-05]",0.027006836167576154,5.007235050201416,-0.0014755282097470013,-0.00541749456897378,-4.3891143798828125,-3.1457539594173434,-2.3439292192459105,-0.6743398904800415,-1.654022216796875,-0.00541749456897378,0.6689119637012482,1.6523294150829315,2.335608553886415,3.0842824935913384,-0.6743398904800415,0.6689119637012482,0.004146981255752205,1.0028441756996216
0.13325605306183852,1.116537094116211,0.027859182565797586,0.1664371452183545,0.1669107023704519,16384,8,6.4,5.0,512,3,24576,0,262144,3,40960,8,"gaussian_(256, 256)_group128_k8",128,percentile,20,42,<class 'numpy.float32'>,custom,"(256, 256)",0.0001,0.6933329859748483,"[0.03672603517770767, 0.019470088183879852, 0.018288712948560715, 0.017947588115930557, 0.017844118177890778, 0.017844118177890778]",c40b0d08,380.85150002734736,,283.0784170073457,2026-10-02T09:52:39.005004,708.2076669903472,0.10034966188892863,0.3574252128601074,0.01385675202315718,0.11738072723232712,0.11771470606155027,4.125,7.757575757575758,1024,4.125,33792,32768,65536,"[-4.3891143798828125, -4.2011873912811275, -4.013260402679443, -3.825333414077759, -3.6374064254760743, -3.4494794368743897, -3.261552448272705, -3.07362545967102, -2.885698471069336, -2.697771482467651, -2.509844493865967, -2.321917505264282, -2.1339905166625974, -1.9460635280609129, -1.7581365394592283, -1.5702095508575438, -1.3822825622558592, -1.1943555736541747, -1.00642858505249, -0.8185015964508056, -0.630574607849121, -0.44264761924743645, -0.25472063064575146, -0.06679364204406735, 0.12113334655761765, 0.30906033515930176, 0.49698732376098675, 0.6849143123626709, 0.8728413009643559, 1.06076828956604, 1.248695278167725, 1.436622266769409, 1.624549255371094, 1.812476243972779, 2.000403232574463, 2.188330221176148, 2.3762572097778323, 2.5641841983795173, 2.7521111869812014, 2.9400381755828864, 3.1279651641845705, 3.3158921527862555, 3.5038191413879396, 3.6917461299896246, 3.8796731185913096, 4.067600107192993, 4.255527095794678, 4.443454084396363, 4.631381072998048, 4.819308061599733, 5.007235050201416]",50,"[2, 0, 2, 4, 14, 20, 41, 55, 110, 170, 279, 400, 602, 899, 1269, 1617, 2169, 2664, 3177, 3810, 4258, 4624, 4900, 5037, 4714, 4562, 4069, 3505, 3078, 2456, 2023, 1554, 1090, 835, 587, 351, 248, 149, 90, 46, 27, 13, 5, 4, 1, 4, 1, 0, 0, 1]","[3.0517578125e-05, 0.0, 3.0517578125e-05, 6.103515625e-05, 0.000213623046875, 0.00030517578125, 0.0006256103515625, 0.0008392333984375, 0.001678466796875, 0.002593994140625, 0.0042572021484375, 0.006103515625, 0.009185791015625, 0.0137176513671875, 0.0193634033203125, 0.0246734619140625, 0.0330963134765625, 0.0406494140625, 0.0484771728515625, 0.058135986328125, 0.064971923828125, 0.070556640625, 0.07476806640625, 0.0768585205078125, 0.071929931640625, 0.069610595703125, 0.0620880126953125, 0.0534820556640625, 0.046966552734375, 0.0374755859375, 0.0308685302734375, 0.023712158203125, 0.016632080078125, 0.0127410888671875, 0.0089569091796875, 0.0053558349609375, 0.0037841796875, 0.0022735595703125, 0.001373291015625, 0.000701904296875, 0.0004119873046875, 0.0001983642578125, 7.62939453125e-05, 6.103515625e-05, 1.52587890625e-05, 6.103515625e-05, 1.52587890625e-05, 0.0, 0.0, 1.52587890625e-05]",0.027006836167576154,5.007235050201416,-0.0014755282097470013,-0.00541749456897378,-4.3891143798828125,-3.1457539594173434,-2.3439292192459105,-0.6743398904800415,-1.654022216796875,-0.00541749456897378,0.6689119637012482,1.6523294150829315,2.335608553886415,3.0842824935913384,-0.6743398904800415,0.6689119637012482,0.004146981255752205,1.0028441756996216
0.06321711950524006,0.6851840019226074,0.007775525406769572,0.08792875941304688,0.08817893970086946,32768,16,4.0,8.0,512,4,32768,0,262144,4,65536,16,"gaussian_(256, 256)_group128_k16",128,percentile,20,42,<class 'numpy.float32'>,custom,"(256, 256)",0.0001,0.7082499796524644,"[0.011584341526031494, 0.00613667257130146, 0.005659941583871841, 0.005581673234701157]",4a6c5315,329.49608302442357,,282.6612499775365,2026-10-02T09:52:39.660994,655.2246250212193,0.10034966188892863,0.3574252128601074,0.01385675202315718,0.11738072723232712,0.11771470606155027,4.125,7.757575757575758,1024,4.125,33792,32768,65536,"[-4.3891143798828125, -4.2011873912811275, -4.013260402679443, -3.825333414077759, -3.6374064254760743, -3.4494794368743897, -3.261552448272705, -3.07362545967102, -2.885698471069336, -2.697771482467651, -2.509844493865967, -2.321917505264282, -2.1339905166625974, -1.9460635280609129, -1.7581365394592283, -1.5702095508575438, -1.3822825622558592, -1.1943555736541747, -1.00642858505249, -0.8185015964508056, -0.630574607849121, -0.44264761924743645, -0.25472063064575146, -0.06679364204406735, 0.12113334655761765, 0.30906033515930176, 0.49698732376098675, 0.6849143123626709, 0.8728413009643559, 1.06076828956604, 1.248695278167725, 1.436622266769409, 1.624549255371094, 1.812476243972779, 2.000403232574463, 2.188330221176148, 2.3762572097778323, 2.5641841983795173, 2.7521111869812014, 2.9400381755828864, 3.1279651641845705, 3.3158921527862555, 3.5038191413879396, 3.6917461299896246, 3.8796731185913096, 4.067600107192993, 4.255527095794678, 4.443454084396363, 4.631381072998048, 4.819308061599733, 5.007235050201416]",50,"[2, 0, 2, 4, 14, 20, 41, 55, 110, 170, 279, 400, 602, 899, 1269, 1617, 2169, 2664, 3177, 3810, 4258, 4624, 4900, 5037, 4714, 4562, 4069, 3505, 3078, 2456, 2023, 1554, 1090, 835, 587, 351, 248, 149, 90, 46, 27, 13, 5, 4, 1, 4, 1, 0, 0, 1]","[3.0517578125e-05, 0.0, 3.0517578125e-05, 6.103515625e-05, 0.000213623046875, 0.00030517578125, 0.0006256103515625, 0.0008392333984375, 0.001678466796875, 0.002593994140625, 0.0042572021484375, 0.006103515625, 0.009185791015625, 0.0137176513671875, 0.0193634033203125, 0.0246734619140625, 0.0330963134765625, 0.0406494140625, 0.0484771728515625, 0.058135986328125, 0.064971923828125, 0.070556640625, 0.07476806640625, 0.0768585205078125, 0.071929931640625, 0.069610595703125, 0.0620880126953125, 0.0534820556640625, 0.046966552734375, 0.0374755859375, 0.0308685302734375, 0.023712158203125, 0.016632080078125, 0.0127410888671875, 0.0089569091796875, 0.0053558349609375, 0.0037841796875, 0.0022735595703125, 0.001373291015625, 0.000701904296875, 0.0004119873046875, 0.0001983642578125, 7.62939453125e-05, 6.103515625e-05, 1.52587890625e-05, 6.103515625e-05, 1.52587890625e-05, 0.0, 0.0, 1.52587890625e-05]",0.027006836167576154,5.007235050201416,-0.0014755282097470013,-0.00541749456897378,-4.3891143798828125,-3.1457539594173434,-2.3439292192459105,-0.6743398904800415,-1.654022216796875,-0.00541749456897378,0.6689119637012482,1.6523294150829315,2.335608553886415,3.0842824935913384,-0.6743398904800415,0.6689119637012482,0.004146981255752205,1.0028441756996216
0.02850564156033114,0.5860874652862549,0.002122173266603142,0.045936350937762126,0.0460670518549119,65536,32,2.4615384615384617,13.0,512,5,40960,0,262144,5,106496,32,"gaussian_(256, 256)_group128_k32",128,percentile,20,42,<class 'numpy.float32'>,custom,"(256, 256)",0.0001,0.6796669913455844,"[0.0028104293160140514, 0.0017106598243117332, 0.001559596392326057, 0.0015348965534940362]",21348cf3,279.33225000742823,,300.205834035296,2026-10-02T09:52:40.282020,620.6383340177126,0.10034966188892863,0.3574252128601074,0.01385675202315718,0.11738072723232712,0.11771470606155027,4.125,7.757575757575758,1024,4.125,33792,32768,65536,"[-4.3891143798828125, -4.2011873912811275, -4.013260402679443, -3.825333414077759, -3.6374064254760743, -3.4494794368743897, -3.261552448272705, -3.07362545967102, -2.885698471069336, -2.697771482467651, -2.509844493865967, -2.321917505264282, -2.1339905166625974, -1.9460635280609129, -1.7581365394592283, -1.5702095508575438, -1.3822825622558592, -1.1943555736541747, -1.00642858505249, -0.8185015964508056, -0.630574607849121, -0.44264761924743645, -0.25472063064575146, -0.06679364204406735, 0.12113334655761765, 0.30906033515930176, 0.49698732376098675, 0.6849143123626709, 0.8728413009643559, 1.06076828956604, 1.248695278167725, 1.436622266769409, 1.624549255371094, 1.812476243972779, 2.000403232574463, 2.188330221176148, 2.3762572097778323, 2.5641841983795173, 2.7521111869812014, 2.9400381755828864, 3.1279651641845705, 3.3158921527862555, 3.5038191413879396, 3.6917461299896246, 3.8796731185913096, 4.067600107192993, 4.255527095794678, 4.443454084396363, 4.631381072998048, 4.819308061599733, 5.007235050201416]",50,"[2, 0, 2, 4, 14, 20, 41, 55, 110, 170, 279, 400, 602, 899, 1269, 1617, 2169, 2664, 3177, 3810, 4258, 4624, 4900, 5037, 4714, 4562, 4069, 3505, 3078, 2456, 2023, 1554, 1090, 835, 587, 351, 248, 149, 90, 46, 27, 13, 5, 4, 1, 4, 1, 0, 0, 1]","[3.0517578125e-05, 0.0, 3.0517578125e-05, 6.103515625e-05, 0.000213623046875, 0.00030517578125, 0.0006256103515625, 0.0008392333984375, 0.001678466796875, 0.002593994140625, 0.0042572021484375, 0.006103515625, 0.009185791015625, 0.0137176513671875, 0.0193634033203125, 0.0246734619140625, 0.0330963134765625, 0.0406494140625, 0.0484771728515625, 0.058135986328125, 0.064971923828125, 0.070556640625, 0.07476806640625, 0.0768585205078125, 0.071929931640625, 0.069610595703125, 0.0620880126953125, 0.0534820556640625, 0.046966552734375, 0.0374755859375, 0.0308685302734375, 0.023712158203125, 0.016632080078125, 0.0127410888671875, 0.0089569091796875, 0.0053558349609375, 0.0037841796875, 0.0022735595703125, 0.001373291015625, 0.000701904296875, 0.0004119873046875, 0.0001983642578125, 7.62939453125e-05, 6.103515625e-05, 1.52587890625e-05, 6.103515625e-05, 1.52587890625e-05, 0.0, 0.0, 1.52587890625e-05]",0.027006836167576154,5.007235050201416,-0.0014755282097470013,-0.00541749456897378,-4.3891143798828125,-3.1457539594173434,-2.3439292192459105,-0.6743398904800415,-1.654022216796875,-0.00541749456897378,0.6689119637012482,1.6523294150829315,2.335608553886415,3.0842824935913384,-0.6743398904800415,0.6689119637012482,0.004146981255752205,1.0028441756996216
0.4829292991104662,4.198134005069733,0.3641713590547764,0.6032738931298248,0.6034661208839949,8,2,31.998046994202014,1.00006103515625,1,1,131072,0,4194304,1,131080,2,"gaussian_(1024, 1024)_global_k2",,percentile,20,42,<class 'numpy.float32'>,custom,"(1024, 1024)",0.0001,2.8069159598089755,"[17.74759864807129, 0.3643501400947571, 0.36422309279441833, 0.3641713559627533]",4e8d2aed,2346.9123340328224,,5179.98754105065,2026-10-02T09:52:48.647436,8135.196792019997,0.1003740310374759,0.3574252128601074,0.013805427819607247,0.11745907403938366,0.11749650130794213,4.125,7.757575757575758,16384,4.125,540672,524288,1048576,"[-4.928238391876221, -4.7295289230346675, -4.530819454193115, -4.332109985351562, -4.13340051651001, -3.934691047668457, -3.7359815788269044, -3.5372721099853512, -3.338562641143799, -3.139853172302246, -2.9411437034606935, -2.7424342346191404, -2.5437247657775877, -2.345015296936035, -2.1463058280944822, -1.9475963592529295, -1.7488868904113768, -1.550177421569824, -1.3514679527282714, -1.1527584838867186, -0.9540490150451659, -0.7553395462036132, -0.55663007736206, -0.3579206085205078, -0.15921113967895462, 0.039498329162597656, 0.23820779800415082, 0.4369172668457031, 0.6356267356872563, 0.8343362045288085, 1.0330456733703617, 1.231755142211914, 1.4304646110534671, 1.6291740798950203, 1.8278835487365725, 2.0265930175781257, 2.225302486419678, 2.424011955261231, 2.6227214241027834, 2.8214308929443366, 3.020140361785889, 3.218849830627441, 3.4175592994689943, 3.6162687683105474, 3.8149782371521006, 4.013687705993652, 4.212397174835205, 4.411106643676758, 4.6098161125183115, 4.808525581359865, 5.007235050201416]",50,"[3, 4, 4, 17, 21, 63, 116, 253, 413, 850, 1494, 2493, 4319, 6732, 10170, 15253, 21585, 28862, 37836, 47526, 57497, 66867, 75192, 80439, 83054, 82005, 78347, 71683, 63634, 53974, 43615, 34129, 25937, 18732, 12950, 8790, 5620, 3413, 2132, 1206, 682, 324, 170, 87, 42, 26, 6, 4, 2, 3]","[2.86102294921875e-06, 3.814697265625e-06, 3.814697265625e-06, 1.621246337890625e-05, 2.002716064453125e-05, 6.008148193359375e-05, 0.000110626220703125, 0.00024127960205078125, 0.00039386749267578125, 0.0008106231689453125, 0.0014247894287109375, 0.0023775100708007812, 0.004118919372558594, 0.006420135498046875, 0.009698867797851562, 0.014546394348144531, 0.020585060119628906, 0.027524948120117188, 0.036083221435546875, 0.04532432556152344, 0.054833412170410156, 0.06376934051513672, 0.07170867919921875, 0.07671260833740234, 0.07920646667480469, 0.07820606231689453, 0.07471752166748047, 0.06836223602294922, 0.06068611145019531, 0.05147361755371094, 0.041594505310058594, 0.032547950744628906, 0.024735450744628906, 0.017864227294921875, 0.012350082397460938, 0.008382797241210938, 0.005359649658203125, 0.0032548904418945312, 0.002033233642578125, 0.0011501312255859375, 0.0006504058837890625, 0.000308990478515625, 0.0001621246337890625, 8.296966552734375e-05, 4.00543212890625e-05, 2.47955322265625e-05, 5.7220458984375e-06, 3.814697265625e-06, 1.9073486328125e-06, 2.86102294921875e-06]",0.009184486738059494,5.007235050201416,0.00012375914364748776,-0.000731140753487125,-4.928238391876221,-3.0938569247722625,-2.3288705945014954,-0.6724377423524857,-1.648148238658905,-0.000731140753487125,0.6749793738126755,1.6458634734153748,2.327887177467346,3.090828055143401,-0.6724377423524857,0.6749793738126755,-0.0004830911832127802,1.0003186332739797
0.2763256889876603,3.4824496507644653,0.11780754962486129,0.34312171146558035,0.343231044086722,16,4,15.999023497101007,2.0001220703125,1,2,262144,0,4194304,2,262160,4,"gaussian_(1024, 1024)_global_k4",,percentile,20,42,<class 'numpy.float32'>,custom,"(1024, 1024)",0.0001,2.6787499664351344,"[0.47938624024391174, 0.2639981508255005, 0.18458661437034607, 0.1438160091638565, 0.12733837962150574, 0.12124446779489517, 0.11904826760292053, 0.11824645102024078, 0.11795081943273544, 0.11784526705741882, 0.1178075522184372]",95138cfb,7323.820916994009,,4567.237625014968,2026-10-02T09:53:01.140305,12491.812207968906,0.1003740310374759,0.3574252128601074,0.013805427819607247,0.11745907403938366,0.11749650130794213,4.125,7.757575757575758,16384,4.125,540672,524288,1048576,"[-4.928238391876221, -4.7295289230346675, -4.530819454193115, -4.332109985351562, -4.13340051651001, -3.934691047668457, -3.7359815788269044, -3.5372721099853512, -3.338562641143799, -3.139853172302246, -2.9411437034606935, -2.7424342346191404, -2.5437247657775877, -2.345015296936035, -2.1463058280944822, -1.9475963592529295, -1.7488868904113768, -1.550177421569824, -1.3514679527282714, -1.1527584838867186, -0.9540490150451659, -0.7553395462036132, -0.55663007736206, -0.3579206085205078, -0.15921113967895462, 0.039498329162597656, 0.23820779800415082, 0.4369172668457031, 0.6356267356872563, 0.8343362045288085, 1.0330456733703617, 1.231755142211914, 1.4304646110534671, 1.6291740798950203, 1.8278835487365725, 2.0265930175781257, 2.225302486419678, 2.424011955261231, 2.6227214241027834, 2.8214308929443366, 3.020140361785889, 3.218849830627441, 3.4175592994689943, 3.6162687683105474, 3.8149782371521006, 4.013687705993652, 4.212397174835205, 4.411106643676758, 4.6098161125183115, 4.808525581359865, 5.007235050201416]",50,"[3, 4, 4, 17, 21, 63, 116, 253, 413, 850, 1494, 2493, 4319, 6732, 10170, 15253, 21585, 28862, 37836, 47526, 57497, 66867, 75192, 80439, 83054, 82005, 78347, 71683, 63634, 53974, 43615, 34129, 25937, 18732, 12950, 8790, 5620, 3413, 2132, 1206, 682, 324, 170, 87, 42, 26, 6, 4, 2, 3]","[2.86102294921875e-06, 3.814697265625e-06, 3.814697265625e-06, 1.621246337890625e-05, 2.002716064453125e-05, 6.008148193359375e-05, 0.000110626220703125, 0.00024127960205078125, 0.00039386749267578125, 0.0008106231689453125, 0.0014247894287109375, 0.0023775100708007812, 0.004118919372558594, 0.006420135498046875, 0.009698867797851562, 0.014546394348144531, 0.020585060119628906, 0.027524948120117188, 0.036083221435546875, 0.04532432556152344, 0.054833412170410156, 0.06376934051513672, 0.07170867919921875, 0.07671260833740234, 0.07920646667480469, 0.07820606231689453, 0.07471752166748047, 0.06836223602294922, 0.06068611145019531, 0.05147361755371094, 0.041594505310058594, 0.032547950744628906, 0.024735450744628906, 0.017864227294921875, 0.012350082397460938, 0.008382797241210938, 0.005359649658203125, 0.0032548904418945312, 0.002033233642578125, 0.0011501312255859375, 0.0006504058837890625, 0.000308990478515625, 0.0001621246337890625, 8.296966552734375e-05, 4.00543212890625e-05, 2.47955322265625e-05, 5.7220458984375e-06, 3.814697265625e-06, 1.9073486328125e-06, 2.86102294921875e-06]",0.009184486738059494,5.007235050201416,0.00012375914364748776,-0.000731140753487125,-4.928238391876221,-3.0938569247722625,-2.3288705945014954,-0.6724377423524857,-1.648148238658905,-0.000731140753487125,0.6749793738126755,1.6458634734153748,2.327887177467346,3.090828055143401,-0.6724377423524857,0.6749793738126755,-0.0004830911832127802,1.0003186332739797
0.15156977406906702,2.80248761177063,0.03482621844283998,0.1865583954932596,0.18661784063384718,32,8,10.665798681747905,3.000244140625,1,3,393216,0,4194304,3,393248,8,"gaussian_(1024, 1024)_global_k8",,percentile,20,42,<class 'numpy.float32'>,custom,"(1024, 1024)",0.0001,2.5144160026684403,"[0.13577568531036377, 0.06371168047189713, 0.043706461787223816, 0.03759441152215004, 0.035708557814359665, 0.035102054476737976, 0.034900128841400146, 0.03482621908187866]",652aef21,4319.315291009843,,4512.5300840009,2026-10-02T09:53:10.568740,9424.799542000983,0.1003740310374759,0.3574252128601074,0.013805427819607247,0.11745907403938366,0.11749650130794213,4.125,7.757575757575758,16384,4.125,540672,524288,1048576,"[-4.928238391876221, -4.7295289230346675, -4.530819454193115, -4.332109985351562, -4.13340051651001, -3.934691047668457, -3.7359815788269044, -3.5372721099853512, -3.338562641143799, -3.139853172302246, -2.9411437034606935, -2.7424342346191404, -2.5437247657775877, -2.345015296936035, -2.1463058280944822, -1.9475963592529295, -1.7488868904113768, -1.550177421569824, -1.3514679527282714, -1.1527584838867186, -0.9540490150451659, -0.7553395462036132, -0.55663007736206, -0.3579206085205078, -0.15921113967895462, 0.039498329162597656, 0.23820779800415082, 0.4369172668457031, 0.6356267356872563, 0.8343362045288085, 1.0330456733703617, 1.231755142211914, 1.4304646110534671, 1.6291740798950203, 1.8278835487365725, 2.0265930175781257, 2.225302486419678, 2.424011955261231, 2.6227214241027834, 2.8214308929443366, 3.020140361785889, 3.218849830627441, 3.4175592994689943, 3.6162687683105474, 3.8149782371521006, 4.013687705993652, 4.212397174835205, 4.411106643676758, 4.6098161125183115, 4.808525581359865, 5.007235050201416]",50,"[3, 4, 4, 17, 21, 63, 116, 253, 413, 850, 1494, 2493, 4319, 6732, 10170, 15253, 21585, 28862, 37836, 47526, 57497, 66867, 75192, 80439, 83054, 82005, 78347, 71683, 63634, 53974, 43615, 34129, 25937, 18732, 12950, 8790, 5620, 3413, 2132, 1206, 682, 324, 170, 87, 42, 26, 6, 4, 2, 3]","[2.86102294921875e-06, 3.814697265625e-06, 3.814697265625e-06, 1.621246337890625e-05, 2.002716064453125e-05, 6.008148193359375e-05, 0.000110626220703125, 0.00024127960205078125, 0.00039386749267578125, 0.0008106231689453125, 0.0014247894287109375, 0.0023775100708007812, 0.004118919372558594, 0.006420135498046875, 0.009698867797851562, 0.014546394348144531, 0.020585060119628906, 0.027524948120117188, 0.036083221435546875, 0.04532432556152344, 0.054833412170410156, 0.06376934051513672, 0.07170867919921875, 0.07671260833740234, 0.07920646667480469, 0.07820606231689453, 0.07471752166748047, 0.06836223602294922, 0.06068611145019531, 0.05147361755371094, 0.041594505310058594, 0.032547950744628906, 0.024735450744628906, 0.017864227294921875, 0.012350082397460938, 0.008382797241210938, 0.005359649658203125, 0.0032548904418945312, 0.002033233642578125, 0.0011501312255859375, 0.0006504058837890625, 0.000308990478515625, 0.0001621246337890625, 8.296966552734375e-05, 4.00543212890625e-05, 2.47955322265625e-05, 5.7220458984375e-06, 3.814697265625e-06, 1.9073486328125e-06, 2.86102294921875e-06]",0.009184486738059494,5.007235050201416,0.00012375914364748776,-0.000731140753487125,-4.928238391876221,-3.0938569247722625,-2.3288705945014954,-0.6724377423524857,-1.648148238658905,-0.000731140753487125,0.6749793738126755,1.6458634734153748,2.327887177467346,3.090828055143401,-0.6724377423524857,0.6749793738126755,-0.0004830911832127802,1.0003186332739797
0.07654774830653446,2.4678940773010254,0.010764748039600387,0.10372025423445935,0.10375330375270171,64,16,7.999023556694739,4.00048828125,1,4,524288,0,4194304,4,524352,16,"gaussian_(1024, 1024)_global_k16",,percentile,20,42,<class 'numpy.float32'>,custom,"(1024, 1024)",0.0001,2.423291967716068,"[0.04762470722198486, 0.022359147667884827, 0.015106650069355965, 0.012853730469942093, 0.012017885223031044, 0.011621750891208649, 0.011383414268493652, 0.011210892349481583, 0.011072476394474506, 0.010956209152936935, 0.010854490101337433, 0.010764747858047485]",b97c996f,6559.932291973382,,4931.91400001524,2026-10-02T09:53:22.640842,12071.562749973964,0.1003740310374759,0.3574252128601074,0.013805427819607247,0.11745907403938366,0.11749650130794213,4.125,7.757575757575758,16384,4.125,540672,524288,1048576,"[-4.928238391876221, -4.7295289230346675, -4.530819454193115, -4.332109985351562, -4.13340051651001, -3.934691047668457, -3.7359815788269044, -3.5372721099853512, -3.338562641143799, -3.139853172302246, -2.9411437034606935, -2.7424342346191404, -2.5437247657775877, -2.345015296936035, -2.1463058280944822, -1.9475963592529295, -1.7488868904113768, -1.550177421569824, -1.3514679527282714, -1.1527584838867186, -0.9540490150451659, -0.7553395462036132, -0.55663007736206, -0.3579206085205078, -0.15921113967895462, 0.039498329162597656, 0.23820779800415082, 0.4369172668457031, 0.6356267356872563, 0.8343362045288085, 1.0330456733703617, 1.231755142211914, 1.4304646110534671, 1.6291740798950203, 1.8278835487365725, 2.0265930175781257, 2.225302486419678, 2.424011955261231, 2.6227214241027834, 2.8214308929443366, 3.020140361785889, 3.218849830627441, 3.4175592994689943, 3.6162687683105474, 3.8149782371521006, 4.013687705993652, 4.212397174835205, 4.411106643676758, 4.6098161125183115, 4.808525581359865, 5.007235050201416]",50,"[3, 4, 4, 17, 21, 63, 116, 253, 413, 850, 1494, 2493, 4319, 6732, 10170, 15253, 21585, 28862, 37836, 47526, 57497, 66867, 75192, 80439, 83054, 82005, 78347, 71683, 63634, 53974, 43615, 34129, 25937, 18732, 12950, 8790, 5620, 3413, 2132, 1206, 682, 324, 170, 87, 42, 26, 6, 4, 2, 3]","[2.86102294921875e-06, 3.814697265625e-06, 3.814697265625e-06, 1.621246337890625e-05, 2.002716064453125e-05, 6.008148193359375e-05, 0.000110626220703125, 0.00024127960205078125, 0.00039386749267578125, 0.0008106231689453125, 0.0014247894287109375, 0.0023775100708007812, 0.004118919372558594, 0.006420135498046875, 0.009698867797851562, 0.014546394348144531, 0.020585060119628906, 0.027524948120117188, 0.036083221435546875, 0.04532432556152344, 0.054833412170410156, 0.06376934051513672, 0.07170867919921875, 0.07671260833740234, 0.07920646667480469, 0.07820606231689453, 0.07471752166748047, 0.06836223602294922, 0.06068611145019531, 0.05147361755371094, 0.041594505310058594, 0.032547950744628906, 0.024735450744628906, 0.017864227294921875, 0.012350082397460938, 0.008382797241210938, 0.005359649658203125, 0.0032548904418945312, 0.002033233642578125, 0.0011501312255859375, 0.0006504058837890625, 0.000308990478515625, 0.0001621246337890625, 8.296966552734375e-05, 4.00543212890625e-05, 2.47955322265625e-05, 5.7220458984375e-06, 3.814697265625e-06, 1.9073486328125e-06, 2.86102294921875e-06]",0.009184486738059494,5.007235050201416,0.00012375914364748776,-0.000731140753487125,-4.928238391876221,-3.0938569247722625,-2.3288705945014954,-0.6724377423524857,-1.648148238658905,-0.000731140753487125,0.6749793738126755,1.6458634734153748,2.327887177467346,3.090828055143401,-0.6724377423524857,0.6749793738126755,-0.0004830911832127802,1.0003186332739797
0.041242728523752166,2.19747257232666,0.004214041408111347,0.0648949702134337,0.06491564840707784,128,32,6.398750244092951,5.0009765625,1,5,655360,0,4194304,5,655488,32,"gaussian_(1024, 1024)_global_k32",,percentile,20,42,<class 'numpy.float32'>,custom,"(1024, 1024)",0.0001,2.5036660372279584,"[0.01851690001785755, 0.008589077740907669, 0.005766517017036676, 0.004880192689597607, 0.004557028412818909, 0.004397101700305939, 0.004293946083635092, 0.004214041400700808]",807c558f,4757.426625001244,,4633.265750017017,2026-10-02T09:53:32.608202,9966.415584029164,0.1003740310374759,0.3574252128601074,0.013805427819607247,0.11745907403938366,0.11749650130794213,4.125,7.757575757575758,16384,4.125,540672,524288,1048576,"[-4.928238391876221, -4.7295289230346675, -4.530819454193115, -4.332109985351562, -4.13340051651001, -3.934691047668457, -3.7359815788269044, -3.5372721099853512, -3.338562641143799, -3.139853172302246, -2.9411437034606935, -2.7424342346191404, -2.5437247657775877, -2.345015296936035, -2.1463058280944822, -1.9475963592529295, -1.7488868904113768, -1.550177421569824, -1.3514679527282714, -1.1527584838867186, -0.9540490150451659, -0.7553395462036132, -0.55663007736206, -0.3579206085205078, -0.15921113967895462, 0.039498329162597656, 0.23820779800415082, 0.4369172668457031, 0.6356267356872563, 0.8343362045288085, 1.0330456733703617, 1.231755142211914, 1.4304646110534671, 1.6291740798950203, 1.8278835487365725, 2.0265930175781257, 2.225302486419678, 2.424011955261231, 2.6227214241027834, 2.8214308929443366, 3.020140361785889, 3.218849830627441, 3.4175592994689943, 3.6162687683105474, 3.8149782371521006, 4.013687705993652, 4.212397174835205, 4.411106643676758, 4.6098161125183115, 4.808525581359865, 5.007235050201416]",50,"[3, 4, 4, 17, 21, 63, 116, 253, 413, 850, 1494, 2493, 4319, 6732, 10170, 15253, 21585, 28862, 37836, 47526, 57497, 66867, 75192, 80439, 83054, 82005, 78347, 71683, 63634, 53974, 43615, 34129, 25937, 18732, 12950, 8790, 5620, 3413, 2132, 1206, 682, 324, 170, 87, 42, 26, 6, 4, 2, 3]","[2.86102294921875e-06, 3.814697265625e-06, 3.814697265625e-06, 1.621246337890625e-05, 2.002716064453125e-05, 6.008148193359375e-05, 0.000110626220703125, 0.00024127960205078125, 0.00039386749267578125, 0.0008106231689453125, 0.0014247894287109375, 0.0023775100708007812, 0.004118919372558594, 0.006420135498046875, 0.009698867797851562, 0.014546394348144531, 0.020585060119628906, 0.027524948120117188, 0.036083221435546875, 0.04532432556152344, 0.054833412170410156, 0.06376934051513672, 0.07170867919921875, 0.07671260833740234, 0.07920646667480469, 0.07820606231689453, 0.07471752166748047, 0.06836223602294922, 0.06068611145019531, 0.05147361755371094, 0.041594505310058594, 0.032547950744628906, 0.024735450744628906, 0.017864227294921875, 0.012350082397460938, 0.008382797241210938, 0.005359649658203125, 0.0032548904418945312, 0.002033233642578125, 0.0011501312255859375, 0.0006504058837890625, 0.000308990478515625, 0.0001621246337890625, 8.296966552734375e-05, 4.00543212890625e-05, 2.47955322265625e-05, 5.7220458984375e-06, 3.814697265625e-06, 1.9073486328125e-06, 2.86102294921875e-06]",0.009184486738059494,5.007235050201416,0.00012375914364748776,-0.000731140753487125,-4.928238391876221,-3.0938569247722625,-2.3288705945014954,-0.6724377423524857,-1.648148238658905,-0.000731140753487125,0.6749793738126755,1.6458634734153748,2.327887177467346,3.090828055143401,-0.6724377423524857,0.6749793738126755,-0.0004830911832127802,1.0003186332739797
0.4764843196505145,4.234635591506958,0.3542987023447193,0.5950403533215946,0.5952299575329851,65536,2,21.333333333333332,1.5,8192,1,131072,0,4194304,1,196608,2,"gaussian_(1024, 1024)_group128_k2",128,percentile,20,42,<class 'numpy.float32'>,custom,"(1024, 1024)",0.0001,11.459582950919867,"[2.1519527435302734, 0.20599013566970825, 0.2027163803577423, 0.20240630209445953, 0.20230095088481903, 0.20230095088481903]",840487bb,5003.613708016928,,5438.099124992732,2026-10-02T09:53:43.695811,11086.205707979389,0.1003740310374759,0.3574252128601074,0.013805427819607247,0.11745907403938366,0.11749650130794213,4.125,7.757575757575758,16384,4.125,540672,524288,1048576,"[-4.928238391876221, -4.7295289230346675, -4.530819454193115, -4.332109985351562, -4.13340051651001, -3.934691047668457, -3.7359815788269044, -3.5372721099853512, -3.338562641143799, -3.139853172302246, -2.9411437034606935, -2.7424342346191404, -2.5437247657775877, -2.345015296936035, -2.1463058280944822, -1.9475963592529295, -1.7488868904113768, -1.550177421569824, -1.3514679527282714, -1.1527584838867186, -0.9540490150451659, -0.7553395462036132, -0.55663007736206, -0.3579206085205078, -0.15921113967895462, 0.039498329162597656, 0.23820779800415082, 0.4369172668457031, 0.6356267356872563, 0.8343362045288085, 1.0330456733703617, 1.231755142211914, 1.4304646110534671, 1.6291740798950203, 1.8278835487365725, 2.0265930175781257, 2.225302486419678, 2.424011955261231, 2.6227214241027834, 2.8214308929443366, 3.020140361785889, 3.218849830627441, 3.4175592994689943, 3.6162687683105474, 3.8149782371521006, 4.013687705993652, 4.212397174835205, 4.411106643676758, 4.6098161125183115, 4.808525581359865, 5.007235050201416]",50,"[3, 4, 4, 17, 21, 63, 116, 253, 413, 850, 1494, 2493, 4319, 6732, 10170, 15253, 21585, 28862, 37836, 47526, 57497, 66867, 75192, 80439, 83054, 82005, 78347, 71683, 63634, 53974, 43615, 34129, 25937, 18732, 12950, 8790, 5620, 3413, 2132, 1206, 682, 324, 170, 87, 42, 26, 6, 4, 2, 3]","[2.86102294921875e-06, 3.814697265625e-06, 3.814697265625e-06, 1.621246337890625e-05, 2.002716064453125e-05, 6.008148193359375e-05, 0.000110626220703125, 0.00024127960205078125, 0.00039386749267578125, 0.0008106231689453125, 0.0014247894287109375, 0.0023775100708007812, 0.004118919372558594, 0.006420135498046875, 0.009698867797851562, 0.014546394348144531, 0.020585060119628906, 0.027524948120117188, 0.036083221435546875, 0.04532432556152344, 0.054833412170410156, 0.06376934051513672, 0.07170867919921875, 0.07671260833740234, 0.07920646667480469, 0.07820606231689453, 0.07471752166748047, 0.06836223602294922, 0.06068611145019531, 0.05147361755371094, 0.041594505310058594, 0.032547950744628906, 0.024735450744628906, 0.017864227294921875, 0.012350082397460938, 0.008382797241210938, 0.005359649658203125, 0.0032548904418945312, 0.002033233642578125, 0.0011501312255859375, 0.0006504058837890625, 0.000308990478515625, 0.0001621246337890625, 8.296966552734375e-05, 4.00543212890625e-05, 2.47955322265625e-05, 5.7220458984375e-06, 3.814697265625e-06, 1.9073486328125e-06, 2.86102294921875e-06]",0.009184486738059494,5.007235050201416,0.00012375914364748776,-0.000731140753487125,-4.928238391876221,-3.0938569247722625,-2.3288705945014954,-0.6724377423524857,-1.648148238658905,-0.000731140753487125,0.6749793738126755,1.6458634734153748,2.327887177467346,3.090828055143401,-0.6724377423524857,0.6749793738126755,-0.0004830911832127802,1.0003186332739797
0.26843845919243225,2.5086840391159058,0.10845789080333655,0.32922455190772415,0.329329456325025,131072,4,10.666666666666666,3.0,8192,2,262144,0,4194304,2,393216,4,"gaussian_(1024, 1024)_group128_k4",128,percentile,20,42,<class 'numpy.float32'>,custom,"(1024, 1024)",0.0001,11.18583302013576,"[0.14049473404884338, 0.07860587537288666, 0.07415448129177094, 0.0714247077703476, 0.06972616910934448, 0.06724417209625244, 0.06616318225860596, 0.0657530426979065, 0.0656968206167221]",847f509c,6551.066375046503,,4750.600625004154,2026-10-02T09:53:55.648618,11942.866917001083,0.1003740310374759,0.3574252128601074,0.013805427819607247,0.11745907403938366,0.11749650130794213,4.125,7.757575757575758,16384,4.125,540672,524288,1048576,"[-4.928238391876221, -4.7295289230346675, -4.530819454193115, -4.332109985351562, -4.13340051651001, -3.934691047668457, -3.7359815788269044, -3.5372721099853512, -3.338562641143799, -3.139853172302246, -2.9411437034606935, -2.7424342346191404, -2.5437247657775877, -2.345015296936035, -2.1463058280944822, -1.9475963592529295, -1.7488868904113768, -1.550177421569824, -1.3514679527282714, -1.1527584838867186, -0.9540490150451659, -0.7553395462036132, -0.55663007736206, -0.3579206085205078, -0.15921113967895462, 0.039498329162597656, 0.23820779800415082, 0.4369172668457031, 0.6356267356872563, 0.8343362045288085, 1.0330456733703617, 1.231755142211914, 1.4304646110534671, 1.6291740798950203, 1.8278835487365725, 2.0265930175781257, 2.225302486419678, 2.424011955261231, 2.6227214241027834, 2.8214308929443366, 3.020140361785889, 3.218849830627441, 3.4175592994689943, 3.6162687683105474, 3.8149782371521006, 4.013687705993652, 4.212397174835205, 4.411106643676758, 4.6098161125183115, 4.808525581359865, 5.007235050201416]",50,"[3, 4, 4, 17, 21, 63, 116, 253, 413, 850, 1494, 2493, 4319, 6732, 10170, 15253, 21585, 28862, 37836, 47526, 57497, 66867, 75192, 80439, 83054, 82005, 78347, 71683, 63634, 53974, 43615, 34129, 25937, 18732, 12950, 8790, 5620, 3413, 2132, 1206, 682, 324, 170, 87, 42, 26, 6, 4, 2, 3]","[2.86102294921875e-06, 3.814697265625e-06, 3.814697265625e-06, 1.621246337890625e-05, 2.002716064453125e-05, 6.008148193359375e-05, 0.000110626220703125, 0.00024127960205078125, 0.00039386749267578125, 0.0008106231689453125, 0.0014247894287109375, 0.0023775100708007812, 0.004118919372558594, 0.006420135498046875, 0.009698867797851562, 0.014546394348144531, 0.020585060119628906, 0.027524948120117188, 0.036083221435546875, 0.04532432556152344, 0.054833412170410156, 0.06376934051513672, 0.07170867919921875, 0.07671260833740234, 0.07920646667480469, 0.07820606231689453, 0.07471752166748047, 0.06836223602294922, 0.06068611145019531, 0.05147361755371094, 0.041594505310058594, 0.032547950744628906, 0.024735450744628906, 0.017864227294921875, 0.012350082397460938, 0.008382797241210938, 0.005359649658203125, 0.0032548904418945312, 0.002033233642578125, 0.0011501312255859375, 0.0006504058837890625, 0.000308990478515625, 0.0001621246337890625, 8.296966552734375e-05, 4.00543212890625e-05, 2.47955322265625e-05, 5.7220458984375e-06, 3.814697265625e-06, 1.9073486328125e-06, 2.86102294921875e-06]",0.009184486738059494,5.007235050201416,0.00012375914364748776,-0.000731140753487125,-4.928238391876221,-3.0938569247722625,-2.3288705945014954,-0.6724377423524857,-1.648148238658905,-0.000731140753487125,0.6749793738126755,1.6458634734153748,2.327887177467346,3.090828055143401,-0.6724377423524857,0.6749793738126755,-0.0004830911832127802,1.0003186332739797
0.1326147454243201,1.3555493354797363,0.027561674776933588,0.16596420883189303,0.16601709182169644,262144,8,6.4,5.0,8192,3,393216,0,4194304,3,655360,8,"gaussian_(1024, 1024)_group128_k8",128,percentile,20,42,<class 'numpy.float32'>,custom,"(1024, 1024)",0.0001,11.320165998768061,"[0.03672603517770767, 0.019470088183879852, 0.018288712948560715, 0.017947588115930557, 0.017844118177890778, 0.017844118177890778]",2e26d63a,5958.753584010992,,4536.822166002821,2026-10-02T09:54:06.784917,11127.222708018962,0.1003740310374759,0.3574252128601074,0.013805427819607247,0.11745907403938366,0.11749650130794213,4.125,7.757575757575758,16384,4.125,540672,524288,1048576,"[-4.928238391876221, -4.7295289230346675, -4.530819454193115, -4.332109985351562, -4.13340051651001, -3.934691047668457, -3.7359815788269044, -3.5372721099853512, -3.338562641143799, -3.139853172302246, -2.9411437034606935, -2.7424342346191404, -2.5437247657775877, -2.345015296936035, -2.1463058280944822, -1.9475963592529295, -1.7488868904113768, -1.550177421569824, -1.3514679527282714, -1.1527584838867186, -0.9540490150451659, -0.7553395462036132, -0.55663007736206, -0.3579206085205078, -0.15921113967895462, 0.039498329162597656, 0.23820779800415082, 0.4369172668457031, 0.6356267356872563, 0.8343362045288085, 1.0330456733703617, 1.231755142211914, 1.4304646110534671, 1.6291740798950203, 1.8278835487365725, 2.0265930175781257, 2.225302486419678, 2.424011955261231, 2.6227214241027834, 2.8214308929443366, 3.020140361785889, 3.218849830627441, 3.4175592994689943, 3.6162687683105474, 3.8149782371521006, 4.013687705993652, 4.212397174835205, 4.411106643676758, 4.6098161125183115, 4.808525581359865, 5.007235050201416]",50,"[3, 4, 4, 17, 21, 63, 116, 253, 413, 850, 1494, 2493, 4319, 6732, 10170, 15253, 21585, 28862, 37836, 47526, 57497, 66867, 75192, 80439, 83054, 82005, 78347, 71683, 63634, 53974, 43615, 34129, 25937, 18732, 12950, 8790, 5620, 3413, 2132, 1206, 682, 324, 170, 87, 42, 26, 6, 4, 2, 3]","[2.86102294921875e-06, 3.814697265625e-06, 3.814697265625e-06, 1.621246337890625e-05, 2.002716064453125e-05, 6.008148193359375e-05, 0.000110626220703125, 0.00024127960205078125, 0.00039386749267578125, 0.0008106231689453125, 0.0014247894287109375, 0.0023775100708007812, 0.004118919372558594, 0.006420135498046875, 0.009698867797851562, 0.014546394348144531, 0.020585060119628906, 0.027524948120117188, 0.036083221435546875, 0.04532432556152344, 0.054833412170410156, 0.06376934051513672, 0.07170867919921875, 0.07671260833740234, 0.07920646667480469, 0.07820606231689453, 0.07471752166748047, 0.06836223602294922, 0.06068611145019531, 0.05147361755371094, 0.041594505310058594, 0.032547950744628906, 0.024735450744628906, 0.017864227294921875, 0.012350082397460938, 0.008382797241210938, 0.005359649658203125, 0.0032548904418945312, 0.002033233642578125, 0.0011501312255859375, 0.0006504058837890625, 0.000308990478515625, 0.0001621246337890625, 8.296966552734375e-05, 4.00543212890625e-05, 2.47955322265625e-05, 5.7220458984375e-06, 3.814697265625e-06, 1.9073486328125e-06, 2.86102294921875e-06]",0.009184486738059494,5.007235050201416,0.00012375914364748776,-0.000731140753487125,-4.928238391876221,-3.0938569247722625,-2.3288705945014954,-0.6724377423524857,-1.648148238658905,-0.000731140753487125,0.6749793738126755,1.6458634734153748,2.327887177467346,3.090828055143401,-0.6724377423524857,0.6749793738126755,-0.0004830911832127802,1.0003186332739797
0.0631166898001173,0.9257526397705078,0.007766398058900054,0.0880990978325765,0.0881271698110183,524288,16,4.0,8.0,8192,4,524288,0,4194304,4,1048576,16,"gaussian_(1024, 1024)_group128_k16",128,percentile,20,42,<class 'numpy.float32'>,custom,"(1024, 1024)",0.0001,11.216667015105486,"[0.011584341526031494, 0.00613667257130146, 0.005659941583871841, 0.005581673234701157]",31c60646,5033.373125013895,,4510.822082986124,2026-10-02T09:54:16.966949,10174.820250016637,0.1003740310374759,0.3574252128601074,0.013805427819607247,0.11745907403938366,0.11749650130794213,4.125,7.757575757575758,16384,4.125,540672,524288,1048576,"[-4.928238391876221, -4.7295289230346675, -4.530819454193115, -4.332109985351562, -4.13340051651001, -3.934691047668457, -3.7359815788269044, -3.5372721099853512, -3.338562641143799, -3.139853172302246, -2.9411437034606935, -2.7424342346191404, -2.5437247657775877, -2.345015296936035, -2.1463058280944822, -1.9475963592529295, -1.7488868904113768, -1.550177421569824, -1.3514679527282714, -1.1527584838867186, -0.9540490150451659, -0.7553395462036132, -0.55663007736206, -0.3579206085205078, -0.15921113967895462, 0.039498329162597656, 0.23820779800415082, 0.4369172668457031, 0.6356267356872563, 0.8343362045288085, 1.0330456733703617, 1.231755142211914, 1.4304646110534671, 1.6291740798950203, 1.8278835487365725, 2.0265930175781257, 2.225302486419678, 2.424011955261231, 2.6227214241027834, 2.8214308929443366, 3.020140361785889, 3.218849830627441, 3.4175592994689943, 3.6162687683105474, 3.8149782371521006, 4.013687705993652, 4.212397174835205, 4.411106643676758, 4.6098161125183115, 4.808525581359865, 5.007235050201416]",50,"[3, 4, 4, 17, 21, 63, 116, 253, 413, 850, 1494, 2493, 4319, 6732, 10170, 15253, 21585, 28862, 37836, 47526, 57497, 66867, 75192, 80439, 83054, 82005, 78347, 71683, 63634, 53974, 43615, 34129, 25937, 18732, 12950, 8790, 5620, 3413, 2132, 1206, 682, 324, 170, 87, 42, 26, 6, 4, 2, 3]","[2.86102294921875e-06, 3.814697265625e-06, 3.814697265625e-06, 1.621246337890625e-05, 2.002716064453125e-05, 6.008148193359375e-05, 0.000110626220703125, 0.00024127960205078125, 0.00039386749267578125, 0.0008106231689453125, 0.0014247894287109375, 0.0023775100708007812, 0.004118919372558594, 0.006420135498046875, 0.009698867797851562, 0.014546394348144531, 0.020585060119628906, 0.027524948120117188, 0.036083221435546875, 0.04532432556152344, 0.054833412170410156, 0.06376934051513672, 0.07170867919921875, 0.07671260833740234, 0.07920646667480469, 0.07820606231689453, 0.07471752166748047, 0.06836223602294922, 0.06068611145019531, 0.05147361755371094, 0.041594505310058594, 0.032547950744628906, 0.024735450744628906, 0.017864227294921875, 0.012350082397460938, 0.008382797241210938, 0.005359649658203125, 0.0032548904418945312, 0.002033233642578125, 0.0011501312255859375, 0.0006504058837890625, 0.000308990478515625, 0.0001621246337890625, 8.296966552734375e-05, 4.00543212890625e-05, 2.47955322265625e-05, 5.7220458984375e-06, 3.814697265625e-06, 1.9073486328125e-06, 2.86102294921875e-06]",0.009184486738059494,5.007235050201416,0.00012375914364748776,-0.000731140753487125,-4.928238391876221,-3.0938569247722625,-2.3288705945014954,-0.6724377423524857,-1.648148238658905,-0.000731140753487125,0.6749793738126755,1.6458634734153748,2.327887177467346,3.090828055143401,-0.6724377423524857,0.6749793738126755,-0.0004830911832127802,1.0003186332739797
0.0285368507588908,0.8075895309448242,0.0021212785666920426,0.04604266890832312,0.04605733998715126,1048576,32,2.4615384615384617,13.0,8192,5,655360,0,4194304,5,1703936,32,"gaussian_(1024, 1024)_group128_k32",128,percentile,20,42,<class 'numpy.float32'>,custom,"(1024, 1024)",0.0001,11.084125027991831,"[0.0028104293160140514, 0.0017106598243117332, 0.001559596392326057, 0.0015348965534940362]",bb6400f0,4473.484624992125,,4535.508667002432,2026-10-02T09:54:26.615527,9641.513208043762,0.1003740310374759,0.3574252128601074,0.013805427819607247,0.11745907403938366,0.11749650130794213,4.125,7.757575757575758,16384,4.125,540672,524288,1048576,"[-4.928238391876221, -4.7295289230346675, -4.530819454193115, -4.332109985351562, -4.13340051651001, -3.934691047668457, -3.7359815788269044, -3.5372721099853512, -3.338562641143799, -3.139853172302246, -2.9411437034606935, -2.7424342346191404, -2.5437247657775877, -2.345015296936035, -2.1463058280944822, -1.9475963592529295, -1.7488868904113768, -1.550177421569824, -1.3514679527282714, -1.1527584838867186, -0.9540490150451659, -0.7553395462036132, -0.55663007736206, -0.3579206085205078, -0.15921113967895462, 0.039498329162597656, 0.23820779800415082, 0.4369172668457031, 0.6356267356872563, 0.8343362045288085, 1.0330456733703617, 1.231755142211914, 1.4304646110534671, 1.6291740798950203, 1.8278835487365725, 2.0265930175781257, 2.225302486419678, 2.424011955261231, 2.6227214241027834, 2.8214308929443366, 3.020140361785889, 3.218849830627441, 3.4175592994689943, 3.6162687683105474, 3.8149782371521006, 4.013687705993652, 4.212397174835205, 4.411106643676758, 4.6098161125183115, 4.808525581359865, 5.007235050201416]",50,"[3, 4, 4, 17, 21, 63, 116, 253, 413, 850, 1494, 2493, 4319, 6732, 10170, 15253, 21585, 28862, 37836, 47526, 57497, 66867, 75192, 80439, 83054, 82005, 78347, 71683, 63634, 53974, 43615, 34129, 25937, 18732, 12950, 8790, 5620, 3413, 2132, 1206, 682, 324, 170, 87, 42, 26, 6, 4, 2, 3]","[2.86102294921875e-06, 3.814697265625e-06, 3.814697265625e-06, 1.621246337890625e-05, 2.002716064453125e-05, 6.008148193359375e-05, 0.000110626220703125, 0.00024127960205078125, 0.00039386749267578125, 0.0008106231689453125, 0.0014247894287109375, 0.0023775100708007812, 0.004118919372558594, 0.006420135498046875, 0.009698867797851562, 0.014546394348144531, 0.020585060119628906, 0.027524948120117188, 0.036083221435546875, 0.04532432556152344, 0.054833412170410156, 0.06376934051513672, 0.07170867919921875, 0.07671260833740234, 0.07920646667480469, 0.07820606231689453, 0.07471752166748047, 0.06836223602294922, 0.06068611145019531, 0.05147361755371094, 0.041594505310058594, 0.032547950744628906, 0.024735450744628906, 0.017864227294921875, 0.012350082397460938, 0.008382797241210938, 0.005359649658203125, 0.0032548904418945312, 0.002033233642578125, 0.0011501312255859375, 0.0006504058837890625, 0.000308990478515625, 0.0001621246337890625, 8.296966552734375e-05, 4.00543212890625e-05, 2.47955322265625e-05, 5.7220458984375e-06, 3.814697265625e-06, 1.9073486328125e-06, 2.86102294921875e-06]",0.009184486738059494,5.007235050201416,0.00012375914364748776,-0.000731140753487125,-4.928238391876221,-3.0938569247722625,-2.3288705945014954,-0.6724377423524857,-1.648148238658905,-0.000731140753487125,0.6749793738126755,1.6458634734153748,2.327887177467346,3.090828055143401,-0.6724377423524857,0.6749793738126755,-0.0004830911832127802,1.0003186332739797
